plate	well	tile	cycle	channel
1	r03c04	1	1	1
1	r03c04	1	1	2
1	r03c04	1	1	3
1	r03c04	1	1	4
1	r03c04	1	1	5
1	r03c04	2	1	1
1	r03c04	2	1	2
1	r03c04	2	1	3
1	r03c04	2	1	4
1	r03c04	2	1	5
1	r03c04	3	1	1
1	r03c04	3	1	2
1	r03c04	3	1	3
1	r03c04	3	1	4
1	r03c04	3	1	5
1	r03c04	4	1	1
1	r03c04	4	1	2
1	r03c04	4	1	3
1	r03c04	4	1	4
1	r03c04	4	1	5
1	r03c04	6	1	1
1	r03c04	6	1	2
1	r03c04	6	1	3
1	r03c04	6	1	4
1	r03c04	6	1	5
1	r03c04	7	1	1
1	r03c04	7	1	2
1	r03c04	7	1	3
1	r03c04	7	1	4
1	r03c04	7	1	5
1	r03c04	8	1	1
1	r03c04	8	1	2
1	r03c04	8	1	3
1	r03c04	8	1	4
1	r03c04	8	1	5
1	r03c04	9	1	1
1	r03c04	9	1	2
1	r03c04	9	1	3
1	r03c04	9	1	4
1	r03c04	9	1	5
1	r03c04	10	1	1
1	r03c04	10	1	2
1	r03c04	10	1	3
1	r03c04	10	1	4
1	r03c04	10	1	5
1	r03c04	11	1	1
1	r03c04	11	1	2
1	r03c04	11	1	3
1	r03c04	11	1	4
1	r03c04	11	1	5
1	r03c04	12	1	1
1	r03c04	12	1	2
1	r03c04	12	1	3
1	r03c04	12	1	4
1	r03c04	12	1	5
1	r03c04	13	1	1
1	r03c04	13	1	2
1	r03c04	13	1	3
1	r03c04	13	1	4
1	r03c04	13	1	5
1	r03c04	14	1	1
1	r03c04	14	1	2
1	r03c04	14	1	3
1	r03c04	14	1	4
1	r03c04	14	1	5
1	r03c04	15	1	1
1	r03c04	15	1	2
1	r03c04	15	1	3
1	r03c04	15	1	4
1	r03c04	15	1	5
1	r03c04	16	1	1
1	r03c04	16	1	2
1	r03c04	16	1	3
1	r03c04	16	1	4
1	r03c04	16	1	5
1	r03c04	17	1	1
1	r03c04	17	1	2
1	r03c04	17	1	3
1	r03c04	17	1	4
1	r03c04	17	1	5
1	r03c04	18	1	1
1	r03c04	18	1	2
1	r03c04	18	1	3
1	r03c04	18	1	4
1	r03c04	18	1	5
1	r03c04	19	1	1
1	r03c04	19	1	2
1	r03c04	19	1	3
1	r03c04	19	1	4
1	r03c04	19	1	5
1	r03c04	20	1	1
1	r03c04	20	1	2
1	r03c04	20	1	3
1	r03c04	20	1	4
1	r03c04	20	1	5
1	r03c04	21	1	1
1	r03c04	21	1	2
1	r03c04	21	1	3
1	r03c04	21	1	4
1	r03c04	21	1	5
1	r03c04	22	1	1
1	r03c04	22	1	2
1	r03c04	22	1	3
1	r03c04	22	1	4
1	r03c04	22	1	5
1	r03c04	23	1	1
1	r03c04	23	1	2
1	r03c04	23	1	3
1	r03c04	23	1	4
1	r03c04	23	1	5
1	r03c04	24	1	1
1	r03c04	24	1	2
1	r03c04	24	1	3
1	r03c04	24	1	4
1	r03c04	24	1	5
1	r03c04	25	1	1
1	r03c04	25	1	2
1	r03c04	25	1	3
1	r03c04	25	1	4
1	r03c04	25	1	5
1	r03c04	26	1	1
1	r03c04	26	1	2
1	r03c04	26	1	3
1	r03c04	26	1	4
1	r03c04	26	1	5
1	r03c04	27	1	1
1	r03c04	27	1	2
1	r03c04	27	1	3
1	r03c04	27	1	4
1	r03c04	27	1	5
1	r03c04	28	1	1
1	r03c04	28	1	2
1	r03c04	28	1	3
1	r03c04	28	1	4
1	r03c04	28	1	5
1	r03c04	29	1	1
1	r03c04	29	1	2
1	r03c04	29	1	3
1	r03c04	29	1	4
1	r03c04	29	1	5
1	r03c04	30	1	1
1	r03c04	30	1	2
1	r03c04	30	1	3
1	r03c04	30	1	4
1	r03c04	30	1	5
1	r03c04	31	1	1
1	r03c04	31	1	2
1	r03c04	31	1	3
1	r03c04	31	1	4
1	r03c04	31	1	5
1	r03c04	32	1	1
1	r03c04	32	1	2
1	r03c04	32	1	3
1	r03c04	32	1	4
1	r03c04	32	1	5
1	r03c04	33	1	1
1	r03c04	33	1	2
1	r03c04	33	1	3
1	r03c04	33	1	4
1	r03c04	33	1	5
1	r03c04	34	1	1
1	r03c04	34	1	2
1	r03c04	34	1	3
1	r03c04	34	1	4
1	r03c04	34	1	5
1	r03c04	35	1	1
1	r03c04	35	1	2
1	r03c04	35	1	3
1	r03c04	35	1	4
1	r03c04	35	1	5
1	r03c04	36	1	1
1	r03c04	36	1	2
1	r03c04	36	1	3
1	r03c04	36	1	4
1	r03c04	36	1	5
1	r03c04	37	1	1
1	r03c04	37	1	2
1	r03c04	37	1	3
1	r03c04	37	1	4
1	r03c04	37	1	5
1	r03c04	38	1	1
1	r03c04	38	1	2
1	r03c04	38	1	3
1	r03c04	38	1	4
1	r03c04	38	1	5
1	r03c04	39	1	1
1	r03c04	39	1	2
1	r03c04	39	1	3
1	r03c04	39	1	4
1	r03c04	39	1	5
1	r03c04	40	1	1
1	r03c04	40	1	2
1	r03c04	40	1	3
1	r03c04	40	1	4
1	r03c04	40	1	5
1	r03c04	41	1	1
1	r03c04	41	1	2
1	r03c04	41	1	3
1	r03c04	41	1	4
1	r03c04	41	1	5
1	r03c04	42	1	1
1	r03c04	42	1	2
1	r03c04	42	1	3
1	r03c04	42	1	4
1	r03c04	42	1	5
1	r03c04	43	1	1
1	r03c04	43	1	2
1	r03c04	43	1	3
1	r03c04	43	1	4
1	r03c04	43	1	5
1	r03c04	44	1	1
1	r03c04	44	1	2
1	r03c04	44	1	3
1	r03c04	44	1	4
1	r03c04	44	1	5
1	r03c04	45	1	1
1	r03c04	45	1	2
1	r03c04	45	1	3
1	r03c04	45	1	4
1	r03c04	45	1	5
1	r03c04	46	1	1
1	r03c04	46	1	2
1	r03c04	46	1	3
1	r03c04	46	1	4
1	r03c04	46	1	5
1	r03c04	47	1	1
1	r03c04	47	1	2
1	r03c04	47	1	3
1	r03c04	47	1	4
1	r03c04	47	1	5
1	r03c04	48	1	1
1	r03c04	48	1	2
1	r03c04	48	1	3
1	r03c04	48	1	4
1	r03c04	48	1	5
1	r03c04	49	1	1
1	r03c04	49	1	2
1	r03c04	49	1	3
1	r03c04	49	1	4
1	r03c04	49	1	5
1	r03c04	50	1	1
1	r03c04	50	1	2
1	r03c04	50	1	3
1	r03c04	50	1	4
1	r03c04	50	1	5
1	r03c04	51	1	1
1	r03c04	51	1	2
1	r03c04	51	1	3
1	r03c04	51	1	4
1	r03c04	51	1	5
1	r03c04	52	1	1
1	r03c04	52	1	2
1	r03c04	52	1	3
1	r03c04	52	1	4
1	r03c04	52	1	5
1	r03c04	53	1	1
1	r03c04	53	1	2
1	r03c04	53	1	3
1	r03c04	53	1	4
1	r03c04	53	1	5
1	r03c04	54	1	1
1	r03c04	54	1	2
1	r03c04	54	1	3
1	r03c04	54	1	4
1	r03c04	54	1	5
1	r03c04	55	1	1
1	r03c04	55	1	2
1	r03c04	55	1	3
1	r03c04	55	1	4
1	r03c04	55	1	5
1	r03c04	56	1	1
1	r03c04	56	1	2
1	r03c04	56	1	3
1	r03c04	56	1	4
1	r03c04	56	1	5
1	r03c04	57	1	1
1	r03c04	57	1	2
1	r03c04	57	1	3
1	r03c04	57	1	4
1	r03c04	57	1	5
1	r03c04	58	1	1
1	r03c04	58	1	2
1	r03c04	58	1	3
1	r03c04	58	1	4
1	r03c04	58	1	5
1	r03c04	59	1	1
1	r03c04	59	1	2
1	r03c04	59	1	3
1	r03c04	59	1	4
1	r03c04	59	1	5
1	r03c04	60	1	1
1	r03c04	60	1	2
1	r03c04	60	1	3
1	r03c04	60	1	4
1	r03c04	60	1	5
1	r03c04	61	1	1
1	r03c04	61	1	2
1	r03c04	61	1	3
1	r03c04	61	1	4
1	r03c04	61	1	5
1	r03c04	62	1	1
1	r03c04	62	1	2
1	r03c04	62	1	3
1	r03c04	62	1	4
1	r03c04	62	1	5
1	r03c04	63	1	1
1	r03c04	63	1	2
1	r03c04	63	1	3
1	r03c04	63	1	4
1	r03c04	63	1	5
1	r03c04	64	1	1
1	r03c04	64	1	2
1	r03c04	64	1	3
1	r03c04	64	1	4
1	r03c04	64	1	5
1	r03c04	1	2	1
1	r03c04	1	2	2
1	r03c04	1	2	3
1	r03c04	1	2	4
1	r03c04	1	2	5
1	r03c04	2	2	1
1	r03c04	2	2	2
1	r03c04	2	2	3
1	r03c04	2	2	4
1	r03c04	2	2	5
1	r03c04	3	2	1
1	r03c04	3	2	2
1	r03c04	3	2	3
1	r03c04	3	2	4
1	r03c04	3	2	5
1	r03c04	4	2	1
1	r03c04	4	2	2
1	r03c04	4	2	3
1	r03c04	4	2	4
1	r03c04	4	2	5
1	r03c04	6	2	1
1	r03c04	6	2	2
1	r03c04	6	2	3
1	r03c04	6	2	4
1	r03c04	6	2	5
1	r03c04	7	2	1
1	r03c04	7	2	2
1	r03c04	7	2	3
1	r03c04	7	2	4
1	r03c04	7	2	5
1	r03c04	8	2	1
1	r03c04	8	2	2
1	r03c04	8	2	3
1	r03c04	8	2	4
1	r03c04	8	2	5
1	r03c04	9	2	1
1	r03c04	9	2	2
1	r03c04	9	2	3
1	r03c04	9	2	4
1	r03c04	9	2	5
1	r03c04	10	2	1
1	r03c04	10	2	2
1	r03c04	10	2	3
1	r03c04	10	2	4
1	r03c04	10	2	5
1	r03c04	11	2	1
1	r03c04	11	2	2
1	r03c04	11	2	3
1	r03c04	11	2	4
1	r03c04	11	2	5
1	r03c04	12	2	1
1	r03c04	12	2	2
1	r03c04	12	2	3
1	r03c04	12	2	4
1	r03c04	12	2	5
1	r03c04	13	2	1
1	r03c04	13	2	2
1	r03c04	13	2	3
1	r03c04	13	2	4
1	r03c04	13	2	5
1	r03c04	14	2	1
1	r03c04	14	2	2
1	r03c04	14	2	3
1	r03c04	14	2	4
1	r03c04	14	2	5
1	r03c04	15	2	1
1	r03c04	15	2	2
1	r03c04	15	2	3
1	r03c04	15	2	4
1	r03c04	15	2	5
1	r03c04	16	2	1
1	r03c04	16	2	2
1	r03c04	16	2	3
1	r03c04	16	2	4
1	r03c04	16	2	5
1	r03c04	17	2	1
1	r03c04	17	2	2
1	r03c04	17	2	3
1	r03c04	17	2	4
1	r03c04	17	2	5
1	r03c04	18	2	1
1	r03c04	18	2	2
1	r03c04	18	2	3
1	r03c04	18	2	4
1	r03c04	18	2	5
1	r03c04	19	2	1
1	r03c04	19	2	2
1	r03c04	19	2	3
1	r03c04	19	2	4
1	r03c04	19	2	5
1	r03c04	20	2	1
1	r03c04	20	2	2
1	r03c04	20	2	3
1	r03c04	20	2	4
1	r03c04	20	2	5
1	r03c04	21	2	1
1	r03c04	21	2	2
1	r03c04	21	2	3
1	r03c04	21	2	4
1	r03c04	21	2	5
1	r03c04	22	2	1
1	r03c04	22	2	2
1	r03c04	22	2	3
1	r03c04	22	2	4
1	r03c04	22	2	5
1	r03c04	23	2	1
1	r03c04	23	2	2
1	r03c04	23	2	3
1	r03c04	23	2	4
1	r03c04	23	2	5
1	r03c04	24	2	1
1	r03c04	24	2	2
1	r03c04	24	2	3
1	r03c04	24	2	4
1	r03c04	24	2	5
1	r03c04	25	2	1
1	r03c04	25	2	2
1	r03c04	25	2	3
1	r03c04	25	2	4
1	r03c04	25	2	5
1	r03c04	26	2	1
1	r03c04	26	2	2
1	r03c04	26	2	3
1	r03c04	26	2	4
1	r03c04	26	2	5
1	r03c04	27	2	1
1	r03c04	27	2	2
1	r03c04	27	2	3
1	r03c04	27	2	4
1	r03c04	27	2	5
1	r03c04	28	2	1
1	r03c04	28	2	2
1	r03c04	28	2	3
1	r03c04	28	2	4
1	r03c04	28	2	5
1	r03c04	29	2	1
1	r03c04	29	2	2
1	r03c04	29	2	3
1	r03c04	29	2	4
1	r03c04	29	2	5
1	r03c04	30	2	1
1	r03c04	30	2	2
1	r03c04	30	2	3
1	r03c04	30	2	4
1	r03c04	30	2	5
1	r03c04	31	2	1
1	r03c04	31	2	2
1	r03c04	31	2	3
1	r03c04	31	2	4
1	r03c04	31	2	5
1	r03c04	32	2	1
1	r03c04	32	2	2
1	r03c04	32	2	3
1	r03c04	32	2	4
1	r03c04	32	2	5
1	r03c04	33	2	1
1	r03c04	33	2	2
1	r03c04	33	2	3
1	r03c04	33	2	4
1	r03c04	33	2	5
1	r03c04	34	2	1
1	r03c04	34	2	2
1	r03c04	34	2	3
1	r03c04	34	2	4
1	r03c04	34	2	5
1	r03c04	35	2	1
1	r03c04	35	2	2
1	r03c04	35	2	3
1	r03c04	35	2	4
1	r03c04	35	2	5
1	r03c04	36	2	1
1	r03c04	36	2	2
1	r03c04	36	2	3
1	r03c04	36	2	4
1	r03c04	36	2	5
1	r03c04	37	2	1
1	r03c04	37	2	2
1	r03c04	37	2	3
1	r03c04	37	2	4
1	r03c04	37	2	5
1	r03c04	38	2	1
1	r03c04	38	2	2
1	r03c04	38	2	3
1	r03c04	38	2	4
1	r03c04	38	2	5
1	r03c04	39	2	1
1	r03c04	39	2	2
1	r03c04	39	2	3
1	r03c04	39	2	4
1	r03c04	39	2	5
1	r03c04	40	2	1
1	r03c04	40	2	2
1	r03c04	40	2	3
1	r03c04	40	2	4
1	r03c04	40	2	5
1	r03c04	41	2	1
1	r03c04	41	2	2
1	r03c04	41	2	3
1	r03c04	41	2	4
1	r03c04	41	2	5
1	r03c04	42	2	1
1	r03c04	42	2	2
1	r03c04	42	2	3
1	r03c04	42	2	4
1	r03c04	42	2	5
1	r03c04	43	2	1
1	r03c04	43	2	2
1	r03c04	43	2	3
1	r03c04	43	2	4
1	r03c04	43	2	5
1	r03c04	44	2	1
1	r03c04	44	2	2
1	r03c04	44	2	3
1	r03c04	44	2	4
1	r03c04	44	2	5
1	r03c04	45	2	1
1	r03c04	45	2	2
1	r03c04	45	2	3
1	r03c04	45	2	4
1	r03c04	45	2	5
1	r03c04	46	2	1
1	r03c04	46	2	2
1	r03c04	46	2	3
1	r03c04	46	2	4
1	r03c04	46	2	5
1	r03c04	47	2	1
1	r03c04	47	2	2
1	r03c04	47	2	3
1	r03c04	47	2	4
1	r03c04	47	2	5
1	r03c04	48	2	1
1	r03c04	48	2	2
1	r03c04	48	2	3
1	r03c04	48	2	4
1	r03c04	48	2	5
1	r03c04	49	2	1
1	r03c04	49	2	2
1	r03c04	49	2	3
1	r03c04	49	2	4
1	r03c04	49	2	5
1	r03c04	50	2	1
1	r03c04	50	2	2
1	r03c04	50	2	3
1	r03c04	50	2	4
1	r03c04	50	2	5
1	r03c04	51	2	1
1	r03c04	51	2	2
1	r03c04	51	2	3
1	r03c04	51	2	4
1	r03c04	51	2	5
1	r03c04	52	2	1
1	r03c04	52	2	2
1	r03c04	52	2	3
1	r03c04	52	2	4
1	r03c04	52	2	5
1	r03c04	53	2	1
1	r03c04	53	2	2
1	r03c04	53	2	3
1	r03c04	53	2	4
1	r03c04	53	2	5
1	r03c04	54	2	1
1	r03c04	54	2	2
1	r03c04	54	2	3
1	r03c04	54	2	4
1	r03c04	54	2	5
1	r03c04	55	2	1
1	r03c04	55	2	2
1	r03c04	55	2	3
1	r03c04	55	2	4
1	r03c04	55	2	5
1	r03c04	56	2	1
1	r03c04	56	2	2
1	r03c04	56	2	3
1	r03c04	56	2	4
1	r03c04	56	2	5
1	r03c04	57	2	1
1	r03c04	57	2	2
1	r03c04	57	2	3
1	r03c04	57	2	4
1	r03c04	57	2	5
1	r03c04	58	2	1
1	r03c04	58	2	2
1	r03c04	58	2	3
1	r03c04	58	2	4
1	r03c04	58	2	5
1	r03c04	59	2	1
1	r03c04	59	2	2
1	r03c04	59	2	3
1	r03c04	59	2	4
1	r03c04	59	2	5
1	r03c04	60	2	1
1	r03c04	60	2	2
1	r03c04	60	2	3
1	r03c04	60	2	4
1	r03c04	60	2	5
1	r03c04	61	2	1
1	r03c04	61	2	2
1	r03c04	61	2	3
1	r03c04	61	2	4
1	r03c04	61	2	5
1	r03c04	62	2	1
1	r03c04	62	2	2
1	r03c04	62	2	3
1	r03c04	62	2	4
1	r03c04	62	2	5
1	r03c04	63	2	1
1	r03c04	63	2	2
1	r03c04	63	2	3
1	r03c04	63	2	4
1	r03c04	63	2	5
1	r03c04	64	2	1
1	r03c04	64	2	2
1	r03c04	64	2	3
1	r03c04	64	2	4
1	r03c04	64	2	5
1	r03c04	1	3	1
1	r03c04	1	3	2
1	r03c04	1	3	3
1	r03c04	1	3	4
1	r03c04	1	3	5
1	r03c04	2	3	1
1	r03c04	2	3	2
1	r03c04	2	3	3
1	r03c04	2	3	4
1	r03c04	2	3	5
1	r03c04	3	3	1
1	r03c04	3	3	2
1	r03c04	3	3	3
1	r03c04	3	3	4
1	r03c04	3	3	5
1	r03c04	4	3	1
1	r03c04	4	3	2
1	r03c04	4	3	3
1	r03c04	4	3	4
1	r03c04	4	3	5
1	r03c04	6	3	1
1	r03c04	6	3	2
1	r03c04	6	3	3
1	r03c04	6	3	4
1	r03c04	6	3	5
1	r03c04	7	3	1
1	r03c04	7	3	2
1	r03c04	7	3	3
1	r03c04	7	3	4
1	r03c04	7	3	5
1	r03c04	8	3	1
1	r03c04	8	3	2
1	r03c04	8	3	3
1	r03c04	8	3	4
1	r03c04	8	3	5
1	r03c04	9	3	1
1	r03c04	9	3	2
1	r03c04	9	3	3
1	r03c04	9	3	4
1	r03c04	9	3	5
1	r03c04	10	3	1
1	r03c04	10	3	2
1	r03c04	10	3	3
1	r03c04	10	3	4
1	r03c04	10	3	5
1	r03c04	11	3	1
1	r03c04	11	3	2
1	r03c04	11	3	3
1	r03c04	11	3	4
1	r03c04	11	3	5
1	r03c04	12	3	1
1	r03c04	12	3	2
1	r03c04	12	3	3
1	r03c04	12	3	4
1	r03c04	12	3	5
1	r03c04	13	3	1
1	r03c04	13	3	2
1	r03c04	13	3	3
1	r03c04	13	3	4
1	r03c04	13	3	5
1	r03c04	14	3	1
1	r03c04	14	3	2
1	r03c04	14	3	3
1	r03c04	14	3	4
1	r03c04	14	3	5
1	r03c04	15	3	1
1	r03c04	15	3	2
1	r03c04	15	3	3
1	r03c04	15	3	4
1	r03c04	15	3	5
1	r03c04	16	3	1
1	r03c04	16	3	2
1	r03c04	16	3	3
1	r03c04	16	3	4
1	r03c04	16	3	5
1	r03c04	17	3	1
1	r03c04	17	3	2
1	r03c04	17	3	3
1	r03c04	17	3	4
1	r03c04	17	3	5
1	r03c04	18	3	1
1	r03c04	18	3	2
1	r03c04	18	3	3
1	r03c04	18	3	4
1	r03c04	18	3	5
1	r03c04	19	3	1
1	r03c04	19	3	2
1	r03c04	19	3	3
1	r03c04	19	3	4
1	r03c04	19	3	5
1	r03c04	20	3	1
1	r03c04	20	3	2
1	r03c04	20	3	3
1	r03c04	20	3	4
1	r03c04	20	3	5
1	r03c04	21	3	1
1	r03c04	21	3	2
1	r03c04	21	3	3
1	r03c04	21	3	4
1	r03c04	21	3	5
1	r03c04	22	3	1
1	r03c04	22	3	2
1	r03c04	22	3	3
1	r03c04	22	3	4
1	r03c04	22	3	5
1	r03c04	23	3	1
1	r03c04	23	3	2
1	r03c04	23	3	3
1	r03c04	23	3	4
1	r03c04	23	3	5
1	r03c04	24	3	1
1	r03c04	24	3	2
1	r03c04	24	3	3
1	r03c04	24	3	4
1	r03c04	24	3	5
1	r03c04	25	3	1
1	r03c04	25	3	2
1	r03c04	25	3	3
1	r03c04	25	3	4
1	r03c04	25	3	5
1	r03c04	26	3	1
1	r03c04	26	3	2
1	r03c04	26	3	3
1	r03c04	26	3	4
1	r03c04	26	3	5
1	r03c04	27	3	1
1	r03c04	27	3	2
1	r03c04	27	3	3
1	r03c04	27	3	4
1	r03c04	27	3	5
1	r03c04	28	3	1
1	r03c04	28	3	2
1	r03c04	28	3	3
1	r03c04	28	3	4
1	r03c04	28	3	5
1	r03c04	29	3	1
1	r03c04	29	3	2
1	r03c04	29	3	3
1	r03c04	29	3	4
1	r03c04	29	3	5
1	r03c04	30	3	1
1	r03c04	30	3	2
1	r03c04	30	3	3
1	r03c04	30	3	4
1	r03c04	30	3	5
1	r03c04	31	3	1
1	r03c04	31	3	2
1	r03c04	31	3	3
1	r03c04	31	3	4
1	r03c04	31	3	5
1	r03c04	32	3	1
1	r03c04	32	3	2
1	r03c04	32	3	3
1	r03c04	32	3	4
1	r03c04	32	3	5
1	r03c04	33	3	1
1	r03c04	33	3	2
1	r03c04	33	3	3
1	r03c04	33	3	4
1	r03c04	33	3	5
1	r03c04	34	3	1
1	r03c04	34	3	2
1	r03c04	34	3	3
1	r03c04	34	3	4
1	r03c04	34	3	5
1	r03c04	35	3	1
1	r03c04	35	3	2
1	r03c04	35	3	3
1	r03c04	35	3	4
1	r03c04	35	3	5
1	r03c04	36	3	1
1	r03c04	36	3	2
1	r03c04	36	3	3
1	r03c04	36	3	4
1	r03c04	36	3	5
1	r03c04	37	3	1
1	r03c04	37	3	2
1	r03c04	37	3	3
1	r03c04	37	3	4
1	r03c04	37	3	5
1	r03c04	38	3	1
1	r03c04	38	3	2
1	r03c04	38	3	3
1	r03c04	38	3	4
1	r03c04	38	3	5
1	r03c04	39	3	1
1	r03c04	39	3	2
1	r03c04	39	3	3
1	r03c04	39	3	4
1	r03c04	39	3	5
1	r03c04	40	3	1
1	r03c04	40	3	2
1	r03c04	40	3	3
1	r03c04	40	3	4
1	r03c04	40	3	5
1	r03c04	41	3	1
1	r03c04	41	3	2
1	r03c04	41	3	3
1	r03c04	41	3	4
1	r03c04	41	3	5
1	r03c04	42	3	1
1	r03c04	42	3	2
1	r03c04	42	3	3
1	r03c04	42	3	4
1	r03c04	42	3	5
1	r03c04	43	3	1
1	r03c04	43	3	2
1	r03c04	43	3	3
1	r03c04	43	3	4
1	r03c04	43	3	5
1	r03c04	44	3	1
1	r03c04	44	3	2
1	r03c04	44	3	3
1	r03c04	44	3	4
1	r03c04	44	3	5
1	r03c04	45	3	1
1	r03c04	45	3	2
1	r03c04	45	3	3
1	r03c04	45	3	4
1	r03c04	45	3	5
1	r03c04	46	3	1
1	r03c04	46	3	2
1	r03c04	46	3	3
1	r03c04	46	3	4
1	r03c04	46	3	5
1	r03c04	47	3	1
1	r03c04	47	3	2
1	r03c04	47	3	3
1	r03c04	47	3	4
1	r03c04	47	3	5
1	r03c04	48	3	1
1	r03c04	48	3	2
1	r03c04	48	3	3
1	r03c04	48	3	4
1	r03c04	48	3	5
1	r03c04	49	3	1
1	r03c04	49	3	2
1	r03c04	49	3	3
1	r03c04	49	3	4
1	r03c04	49	3	5
1	r03c04	50	3	1
1	r03c04	50	3	2
1	r03c04	50	3	3
1	r03c04	50	3	4
1	r03c04	50	3	5
1	r03c04	51	3	1
1	r03c04	51	3	2
1	r03c04	51	3	3
1	r03c04	51	3	4
1	r03c04	51	3	5
1	r03c04	52	3	1
1	r03c04	52	3	2
1	r03c04	52	3	3
1	r03c04	52	3	4
1	r03c04	52	3	5
1	r03c04	53	3	1
1	r03c04	53	3	2
1	r03c04	53	3	3
1	r03c04	53	3	4
1	r03c04	53	3	5
1	r03c04	54	3	1
1	r03c04	54	3	2
1	r03c04	54	3	3
1	r03c04	54	3	4
1	r03c04	54	3	5
1	r03c04	55	3	1
1	r03c04	55	3	2
1	r03c04	55	3	3
1	r03c04	55	3	4
1	r03c04	55	3	5
1	r03c04	56	3	1
1	r03c04	56	3	2
1	r03c04	56	3	3
1	r03c04	56	3	4
1	r03c04	56	3	5
1	r03c04	57	3	1
1	r03c04	57	3	2
1	r03c04	57	3	3
1	r03c04	57	3	4
1	r03c04	57	3	5
1	r03c04	58	3	1
1	r03c04	58	3	2
1	r03c04	58	3	3
1	r03c04	58	3	4
1	r03c04	58	3	5
1	r03c04	59	3	1
1	r03c04	59	3	2
1	r03c04	59	3	3
1	r03c04	59	3	4
1	r03c04	59	3	5
1	r03c04	60	3	1
1	r03c04	60	3	2
1	r03c04	60	3	3
1	r03c04	60	3	4
1	r03c04	60	3	5
1	r03c04	61	3	1
1	r03c04	61	3	2
1	r03c04	61	3	3
1	r03c04	61	3	4
1	r03c04	61	3	5
1	r03c04	62	3	1
1	r03c04	62	3	2
1	r03c04	62	3	3
1	r03c04	62	3	4
1	r03c04	62	3	5
1	r03c04	63	3	1
1	r03c04	63	3	2
1	r03c04	63	3	3
1	r03c04	63	3	4
1	r03c04	63	3	5
1	r03c04	64	3	1
1	r03c04	64	3	2
1	r03c04	64	3	3
1	r03c04	64	3	4
1	r03c04	64	3	5
1	r03c04	1	4	1
1	r03c04	1	4	2
1	r03c04	1	4	3
1	r03c04	1	4	4
1	r03c04	1	4	5
1	r03c04	2	4	1
1	r03c04	2	4	2
1	r03c04	2	4	3
1	r03c04	2	4	4
1	r03c04	2	4	5
1	r03c04	3	4	1
1	r03c04	3	4	2
1	r03c04	3	4	3
1	r03c04	3	4	4
1	r03c04	3	4	5
1	r03c04	4	4	1
1	r03c04	4	4	2
1	r03c04	4	4	3
1	r03c04	4	4	4
1	r03c04	4	4	5
1	r03c04	6	4	1
1	r03c04	6	4	2
1	r03c04	6	4	3
1	r03c04	6	4	4
1	r03c04	6	4	5
1	r03c04	7	4	1
1	r03c04	7	4	2
1	r03c04	7	4	3
1	r03c04	7	4	4
1	r03c04	7	4	5
1	r03c04	8	4	1
1	r03c04	8	4	2
1	r03c04	8	4	3
1	r03c04	8	4	4
1	r03c04	8	4	5
1	r03c04	9	4	1
1	r03c04	9	4	2
1	r03c04	9	4	3
1	r03c04	9	4	4
1	r03c04	9	4	5
1	r03c04	10	4	1
1	r03c04	10	4	2
1	r03c04	10	4	3
1	r03c04	10	4	4
1	r03c04	10	4	5
1	r03c04	11	4	1
1	r03c04	11	4	2
1	r03c04	11	4	3
1	r03c04	11	4	4
1	r03c04	11	4	5
1	r03c04	12	4	1
1	r03c04	12	4	2
1	r03c04	12	4	3
1	r03c04	12	4	4
1	r03c04	12	4	5
1	r03c04	13	4	1
1	r03c04	13	4	2
1	r03c04	13	4	3
1	r03c04	13	4	4
1	r03c04	13	4	5
1	r03c04	14	4	1
1	r03c04	14	4	2
1	r03c04	14	4	3
1	r03c04	14	4	4
1	r03c04	14	4	5
1	r03c04	15	4	1
1	r03c04	15	4	2
1	r03c04	15	4	3
1	r03c04	15	4	4
1	r03c04	15	4	5
1	r03c04	16	4	1
1	r03c04	16	4	2
1	r03c04	16	4	3
1	r03c04	16	4	4
1	r03c04	16	4	5
1	r03c04	17	4	1
1	r03c04	17	4	2
1	r03c04	17	4	3
1	r03c04	17	4	4
1	r03c04	17	4	5
1	r03c04	18	4	1
1	r03c04	18	4	2
1	r03c04	18	4	3
1	r03c04	18	4	4
1	r03c04	18	4	5
1	r03c04	19	4	1
1	r03c04	19	4	2
1	r03c04	19	4	3
1	r03c04	19	4	4
1	r03c04	19	4	5
1	r03c04	20	4	1
1	r03c04	20	4	2
1	r03c04	20	4	3
1	r03c04	20	4	4
1	r03c04	20	4	5
1	r03c04	21	4	1
1	r03c04	21	4	2
1	r03c04	21	4	3
1	r03c04	21	4	4
1	r03c04	21	4	5
1	r03c04	22	4	1
1	r03c04	22	4	2
1	r03c04	22	4	3
1	r03c04	22	4	4
1	r03c04	22	4	5
1	r03c04	23	4	1
1	r03c04	23	4	2
1	r03c04	23	4	3
1	r03c04	23	4	4
1	r03c04	23	4	5
1	r03c04	24	4	1
1	r03c04	24	4	2
1	r03c04	24	4	3
1	r03c04	24	4	4
1	r03c04	24	4	5
1	r03c04	25	4	1
1	r03c04	25	4	2
1	r03c04	25	4	3
1	r03c04	25	4	4
1	r03c04	25	4	5
1	r03c04	26	4	1
1	r03c04	26	4	2
1	r03c04	26	4	3
1	r03c04	26	4	4
1	r03c04	26	4	5
1	r03c04	27	4	1
1	r03c04	27	4	2
1	r03c04	27	4	3
1	r03c04	27	4	4
1	r03c04	27	4	5
1	r03c04	28	4	1
1	r03c04	28	4	2
1	r03c04	28	4	3
1	r03c04	28	4	4
1	r03c04	28	4	5
1	r03c04	29	4	1
1	r03c04	29	4	2
1	r03c04	29	4	3
1	r03c04	29	4	4
1	r03c04	29	4	5
1	r03c04	30	4	1
1	r03c04	30	4	2
1	r03c04	30	4	3
1	r03c04	30	4	4
1	r03c04	30	4	5
1	r03c04	31	4	1
1	r03c04	31	4	2
1	r03c04	31	4	3
1	r03c04	31	4	4
1	r03c04	31	4	5
1	r03c04	32	4	1
1	r03c04	32	4	2
1	r03c04	32	4	3
1	r03c04	32	4	4
1	r03c04	32	4	5
1	r03c04	33	4	1
1	r03c04	33	4	2
1	r03c04	33	4	3
1	r03c04	33	4	4
1	r03c04	33	4	5
1	r03c04	34	4	1
1	r03c04	34	4	2
1	r03c04	34	4	3
1	r03c04	34	4	4
1	r03c04	34	4	5
1	r03c04	35	4	1
1	r03c04	35	4	2
1	r03c04	35	4	3
1	r03c04	35	4	4
1	r03c04	35	4	5
1	r03c04	36	4	1
1	r03c04	36	4	2
1	r03c04	36	4	3
1	r03c04	36	4	4
1	r03c04	36	4	5
1	r03c04	37	4	1
1	r03c04	37	4	2
1	r03c04	37	4	3
1	r03c04	37	4	4
1	r03c04	37	4	5
1	r03c04	38	4	1
1	r03c04	38	4	2
1	r03c04	38	4	3
1	r03c04	38	4	4
1	r03c04	38	4	5
1	r03c04	39	4	1
1	r03c04	39	4	2
1	r03c04	39	4	3
1	r03c04	39	4	4
1	r03c04	39	4	5
1	r03c04	40	4	1
1	r03c04	40	4	2
1	r03c04	40	4	3
1	r03c04	40	4	4
1	r03c04	40	4	5
1	r03c04	41	4	1
1	r03c04	41	4	2
1	r03c04	41	4	3
1	r03c04	41	4	4
1	r03c04	41	4	5
1	r03c04	42	4	1
1	r03c04	42	4	2
1	r03c04	42	4	3
1	r03c04	42	4	4
1	r03c04	42	4	5
1	r03c04	43	4	1
1	r03c04	43	4	2
1	r03c04	43	4	3
1	r03c04	43	4	4
1	r03c04	43	4	5
1	r03c04	44	4	1
1	r03c04	44	4	2
1	r03c04	44	4	3
1	r03c04	44	4	4
1	r03c04	44	4	5
1	r03c04	45	4	1
1	r03c04	45	4	2
1	r03c04	45	4	3
1	r03c04	45	4	4
1	r03c04	45	4	5
1	r03c04	46	4	1
1	r03c04	46	4	2
1	r03c04	46	4	3
1	r03c04	46	4	4
1	r03c04	46	4	5
1	r03c04	47	4	1
1	r03c04	47	4	2
1	r03c04	47	4	3
1	r03c04	47	4	4
1	r03c04	47	4	5
1	r03c04	48	4	1
1	r03c04	48	4	2
1	r03c04	48	4	3
1	r03c04	48	4	4
1	r03c04	48	4	5
1	r03c04	49	4	1
1	r03c04	49	4	2
1	r03c04	49	4	3
1	r03c04	49	4	4
1	r03c04	49	4	5
1	r03c04	50	4	1
1	r03c04	50	4	2
1	r03c04	50	4	3
1	r03c04	50	4	4
1	r03c04	50	4	5
1	r03c04	51	4	1
1	r03c04	51	4	2
1	r03c04	51	4	3
1	r03c04	51	4	4
1	r03c04	51	4	5
1	r03c04	52	4	1
1	r03c04	52	4	2
1	r03c04	52	4	3
1	r03c04	52	4	4
1	r03c04	52	4	5
1	r03c04	53	4	1
1	r03c04	53	4	2
1	r03c04	53	4	3
1	r03c04	53	4	4
1	r03c04	53	4	5
1	r03c04	54	4	1
1	r03c04	54	4	2
1	r03c04	54	4	3
1	r03c04	54	4	4
1	r03c04	54	4	5
1	r03c04	55	4	1
1	r03c04	55	4	2
1	r03c04	55	4	3
1	r03c04	55	4	4
1	r03c04	55	4	5
1	r03c04	56	4	1
1	r03c04	56	4	2
1	r03c04	56	4	3
1	r03c04	56	4	4
1	r03c04	56	4	5
1	r03c04	57	4	1
1	r03c04	57	4	2
1	r03c04	57	4	3
1	r03c04	57	4	4
1	r03c04	57	4	5
1	r03c04	58	4	1
1	r03c04	58	4	2
1	r03c04	58	4	3
1	r03c04	58	4	4
1	r03c04	58	4	5
1	r03c04	59	4	1
1	r03c04	59	4	2
1	r03c04	59	4	3
1	r03c04	59	4	4
1	r03c04	59	4	5
1	r03c04	60	4	1
1	r03c04	60	4	2
1	r03c04	60	4	3
1	r03c04	60	4	4
1	r03c04	60	4	5
1	r03c04	61	4	1
1	r03c04	61	4	2
1	r03c04	61	4	3
1	r03c04	61	4	4
1	r03c04	61	4	5
1	r03c04	62	4	1
1	r03c04	62	4	2
1	r03c04	62	4	3
1	r03c04	62	4	4
1	r03c04	62	4	5
1	r03c04	63	4	1
1	r03c04	63	4	2
1	r03c04	63	4	3
1	r03c04	63	4	4
1	r03c04	63	4	5
1	r03c04	64	4	1
1	r03c04	64	4	2
1	r03c04	64	4	3
1	r03c04	64	4	4
1	r03c04	64	4	5
1	r03c04	1	5	1
1	r03c04	1	5	2
1	r03c04	1	5	3
1	r03c04	1	5	4
1	r03c04	1	5	5
1	r03c04	2	5	1
1	r03c04	2	5	2
1	r03c04	2	5	3
1	r03c04	2	5	4
1	r03c04	2	5	5
1	r03c04	3	5	1
1	r03c04	3	5	2
1	r03c04	3	5	3
1	r03c04	3	5	4
1	r03c04	3	5	5
1	r03c04	4	5	1
1	r03c04	4	5	2
1	r03c04	4	5	3
1	r03c04	4	5	4
1	r03c04	4	5	5
1	r03c04	6	5	1
1	r03c04	6	5	2
1	r03c04	6	5	3
1	r03c04	6	5	4
1	r03c04	6	5	5
1	r03c04	7	5	1
1	r03c04	7	5	2
1	r03c04	7	5	3
1	r03c04	7	5	4
1	r03c04	7	5	5
1	r03c04	8	5	1
1	r03c04	8	5	2
1	r03c04	8	5	3
1	r03c04	8	5	4
1	r03c04	8	5	5
1	r03c04	9	5	1
1	r03c04	9	5	2
1	r03c04	9	5	3
1	r03c04	9	5	4
1	r03c04	9	5	5
1	r03c04	10	5	1
1	r03c04	10	5	2
1	r03c04	10	5	3
1	r03c04	10	5	4
1	r03c04	10	5	5
1	r03c04	11	5	1
1	r03c04	11	5	2
1	r03c04	11	5	3
1	r03c04	11	5	4
1	r03c04	11	5	5
1	r03c04	12	5	1
1	r03c04	12	5	2
1	r03c04	12	5	3
1	r03c04	12	5	4
1	r03c04	12	5	5
1	r03c04	13	5	1
1	r03c04	13	5	2
1	r03c04	13	5	3
1	r03c04	13	5	4
1	r03c04	13	5	5
1	r03c04	14	5	1
1	r03c04	14	5	2
1	r03c04	14	5	3
1	r03c04	14	5	4
1	r03c04	14	5	5
1	r03c04	15	5	1
1	r03c04	15	5	2
1	r03c04	15	5	3
1	r03c04	15	5	4
1	r03c04	15	5	5
1	r03c04	16	5	1
1	r03c04	16	5	2
1	r03c04	16	5	3
1	r03c04	16	5	4
1	r03c04	16	5	5
1	r03c04	17	5	1
1	r03c04	17	5	2
1	r03c04	17	5	3
1	r03c04	17	5	4
1	r03c04	17	5	5
1	r03c04	18	5	1
1	r03c04	18	5	2
1	r03c04	18	5	3
1	r03c04	18	5	4
1	r03c04	18	5	5
1	r03c04	19	5	1
1	r03c04	19	5	2
1	r03c04	19	5	3
1	r03c04	19	5	4
1	r03c04	19	5	5
1	r03c04	20	5	1
1	r03c04	20	5	2
1	r03c04	20	5	3
1	r03c04	20	5	4
1	r03c04	20	5	5
1	r03c04	21	5	1
1	r03c04	21	5	2
1	r03c04	21	5	3
1	r03c04	21	5	4
1	r03c04	21	5	5
1	r03c04	22	5	1
1	r03c04	22	5	2
1	r03c04	22	5	3
1	r03c04	22	5	4
1	r03c04	22	5	5
1	r03c04	23	5	1
1	r03c04	23	5	2
1	r03c04	23	5	3
1	r03c04	23	5	4
1	r03c04	23	5	5
1	r03c04	24	5	1
1	r03c04	24	5	2
1	r03c04	24	5	3
1	r03c04	24	5	4
1	r03c04	24	5	5
1	r03c04	25	5	1
1	r03c04	25	5	2
1	r03c04	25	5	3
1	r03c04	25	5	4
1	r03c04	25	5	5
1	r03c04	26	5	1
1	r03c04	26	5	2
1	r03c04	26	5	3
1	r03c04	26	5	4
1	r03c04	26	5	5
1	r03c04	27	5	1
1	r03c04	27	5	2
1	r03c04	27	5	3
1	r03c04	27	5	4
1	r03c04	27	5	5
1	r03c04	28	5	1
1	r03c04	28	5	2
1	r03c04	28	5	3
1	r03c04	28	5	4
1	r03c04	28	5	5
1	r03c04	29	5	1
1	r03c04	29	5	2
1	r03c04	29	5	3
1	r03c04	29	5	4
1	r03c04	29	5	5
1	r03c04	30	5	1
1	r03c04	30	5	2
1	r03c04	30	5	3
1	r03c04	30	5	4
1	r03c04	30	5	5
1	r03c04	31	5	1
1	r03c04	31	5	2
1	r03c04	31	5	3
1	r03c04	31	5	4
1	r03c04	31	5	5
1	r03c04	32	5	1
1	r03c04	32	5	2
1	r03c04	32	5	3
1	r03c04	32	5	4
1	r03c04	32	5	5
1	r03c04	33	5	1
1	r03c04	33	5	2
1	r03c04	33	5	3
1	r03c04	33	5	4
1	r03c04	33	5	5
1	r03c04	34	5	1
1	r03c04	34	5	2
1	r03c04	34	5	3
1	r03c04	34	5	4
1	r03c04	34	5	5
1	r03c04	35	5	1
1	r03c04	35	5	2
1	r03c04	35	5	3
1	r03c04	35	5	4
1	r03c04	35	5	5
1	r03c04	36	5	1
1	r03c04	36	5	2
1	r03c04	36	5	3
1	r03c04	36	5	4
1	r03c04	36	5	5
1	r03c04	37	5	1
1	r03c04	37	5	2
1	r03c04	37	5	3
1	r03c04	37	5	4
1	r03c04	37	5	5
1	r03c04	38	5	1
1	r03c04	38	5	2
1	r03c04	38	5	3
1	r03c04	38	5	4
1	r03c04	38	5	5
1	r03c04	39	5	1
1	r03c04	39	5	2
1	r03c04	39	5	3
1	r03c04	39	5	4
1	r03c04	39	5	5
1	r03c04	40	5	1
1	r03c04	40	5	2
1	r03c04	40	5	3
1	r03c04	40	5	4
1	r03c04	40	5	5
1	r03c04	41	5	1
1	r03c04	41	5	2
1	r03c04	41	5	3
1	r03c04	41	5	4
1	r03c04	41	5	5
1	r03c04	42	5	1
1	r03c04	42	5	2
1	r03c04	42	5	3
1	r03c04	42	5	4
1	r03c04	42	5	5
1	r03c04	43	5	1
1	r03c04	43	5	2
1	r03c04	43	5	3
1	r03c04	43	5	4
1	r03c04	43	5	5
1	r03c04	44	5	1
1	r03c04	44	5	2
1	r03c04	44	5	3
1	r03c04	44	5	4
1	r03c04	44	5	5
1	r03c04	45	5	1
1	r03c04	45	5	2
1	r03c04	45	5	3
1	r03c04	45	5	4
1	r03c04	45	5	5
1	r03c04	46	5	1
1	r03c04	46	5	2
1	r03c04	46	5	3
1	r03c04	46	5	4
1	r03c04	46	5	5
1	r03c04	47	5	1
1	r03c04	47	5	2
1	r03c04	47	5	3
1	r03c04	47	5	4
1	r03c04	47	5	5
1	r03c04	48	5	1
1	r03c04	48	5	2
1	r03c04	48	5	3
1	r03c04	48	5	4
1	r03c04	48	5	5
1	r03c04	49	5	1
1	r03c04	49	5	2
1	r03c04	49	5	3
1	r03c04	49	5	4
1	r03c04	49	5	5
1	r03c04	50	5	1
1	r03c04	50	5	2
1	r03c04	50	5	3
1	r03c04	50	5	4
1	r03c04	50	5	5
1	r03c04	51	5	1
1	r03c04	51	5	2
1	r03c04	51	5	3
1	r03c04	51	5	4
1	r03c04	51	5	5
1	r03c04	52	5	1
1	r03c04	52	5	2
1	r03c04	52	5	3
1	r03c04	52	5	4
1	r03c04	52	5	5
1	r03c04	53	5	1
1	r03c04	53	5	2
1	r03c04	53	5	3
1	r03c04	53	5	4
1	r03c04	53	5	5
1	r03c04	54	5	1
1	r03c04	54	5	2
1	r03c04	54	5	3
1	r03c04	54	5	4
1	r03c04	54	5	5
1	r03c04	55	5	1
1	r03c04	55	5	2
1	r03c04	55	5	3
1	r03c04	55	5	4
1	r03c04	55	5	5
1	r03c04	56	5	1
1	r03c04	56	5	2
1	r03c04	56	5	3
1	r03c04	56	5	4
1	r03c04	56	5	5
1	r03c04	57	5	1
1	r03c04	57	5	2
1	r03c04	57	5	3
1	r03c04	57	5	4
1	r03c04	57	5	5
1	r03c04	58	5	1
1	r03c04	58	5	2
1	r03c04	58	5	3
1	r03c04	58	5	4
1	r03c04	58	5	5
1	r03c04	59	5	1
1	r03c04	59	5	2
1	r03c04	59	5	3
1	r03c04	59	5	4
1	r03c04	59	5	5
1	r03c04	60	5	1
1	r03c04	60	5	2
1	r03c04	60	5	3
1	r03c04	60	5	4
1	r03c04	60	5	5
1	r03c04	61	5	1
1	r03c04	61	5	2
1	r03c04	61	5	3
1	r03c04	61	5	4
1	r03c04	61	5	5
1	r03c04	62	5	1
1	r03c04	62	5	2
1	r03c04	62	5	3
1	r03c04	62	5	4
1	r03c04	62	5	5
1	r03c04	63	5	1
1	r03c04	63	5	2
1	r03c04	63	5	3
1	r03c04	63	5	4
1	r03c04	63	5	5
1	r03c04	64	5	1
1	r03c04	64	5	2
1	r03c04	64	5	3
1	r03c04	64	5	4
1	r03c04	64	5	5
1	r03c04	1	6	1
1	r03c04	1	6	2
1	r03c04	1	6	3
1	r03c04	1	6	4
1	r03c04	1	6	5
1	r03c04	2	6	1
1	r03c04	2	6	2
1	r03c04	2	6	3
1	r03c04	2	6	4
1	r03c04	2	6	5
1	r03c04	3	6	1
1	r03c04	3	6	2
1	r03c04	3	6	3
1	r03c04	3	6	4
1	r03c04	3	6	5
1	r03c04	4	6	1
1	r03c04	4	6	2
1	r03c04	4	6	3
1	r03c04	4	6	4
1	r03c04	4	6	5
1	r03c04	6	6	1
1	r03c04	6	6	2
1	r03c04	6	6	3
1	r03c04	6	6	4
1	r03c04	6	6	5
1	r03c04	7	6	1
1	r03c04	7	6	2
1	r03c04	7	6	3
1	r03c04	7	6	4
1	r03c04	7	6	5
1	r03c04	8	6	1
1	r03c04	8	6	2
1	r03c04	8	6	3
1	r03c04	8	6	4
1	r03c04	8	6	5
1	r03c04	9	6	1
1	r03c04	9	6	2
1	r03c04	9	6	3
1	r03c04	9	6	4
1	r03c04	9	6	5
1	r03c04	10	6	1
1	r03c04	10	6	2
1	r03c04	10	6	3
1	r03c04	10	6	4
1	r03c04	10	6	5
1	r03c04	11	6	1
1	r03c04	11	6	2
1	r03c04	11	6	3
1	r03c04	11	6	4
1	r03c04	11	6	5
1	r03c04	12	6	1
1	r03c04	12	6	2
1	r03c04	12	6	3
1	r03c04	12	6	4
1	r03c04	12	6	5
1	r03c04	13	6	1
1	r03c04	13	6	2
1	r03c04	13	6	3
1	r03c04	13	6	4
1	r03c04	13	6	5
1	r03c04	14	6	1
1	r03c04	14	6	2
1	r03c04	14	6	3
1	r03c04	14	6	4
1	r03c04	14	6	5
1	r03c04	15	6	1
1	r03c04	15	6	2
1	r03c04	15	6	3
1	r03c04	15	6	4
1	r03c04	15	6	5
1	r03c04	16	6	1
1	r03c04	16	6	2
1	r03c04	16	6	3
1	r03c04	16	6	4
1	r03c04	16	6	5
1	r03c04	17	6	1
1	r03c04	17	6	2
1	r03c04	17	6	3
1	r03c04	17	6	4
1	r03c04	17	6	5
1	r03c04	18	6	1
1	r03c04	18	6	2
1	r03c04	18	6	3
1	r03c04	18	6	4
1	r03c04	18	6	5
1	r03c04	19	6	1
1	r03c04	19	6	2
1	r03c04	19	6	3
1	r03c04	19	6	4
1	r03c04	19	6	5
1	r03c04	20	6	1
1	r03c04	20	6	2
1	r03c04	20	6	3
1	r03c04	20	6	4
1	r03c04	20	6	5
1	r03c04	21	6	1
1	r03c04	21	6	2
1	r03c04	21	6	3
1	r03c04	21	6	4
1	r03c04	21	6	5
1	r03c04	22	6	1
1	r03c04	22	6	2
1	r03c04	22	6	3
1	r03c04	22	6	4
1	r03c04	22	6	5
1	r03c04	23	6	1
1	r03c04	23	6	2
1	r03c04	23	6	3
1	r03c04	23	6	4
1	r03c04	23	6	5
1	r03c04	24	6	1
1	r03c04	24	6	2
1	r03c04	24	6	3
1	r03c04	24	6	4
1	r03c04	24	6	5
1	r03c04	25	6	1
1	r03c04	25	6	2
1	r03c04	25	6	3
1	r03c04	25	6	4
1	r03c04	25	6	5
1	r03c04	26	6	1
1	r03c04	26	6	2
1	r03c04	26	6	3
1	r03c04	26	6	4
1	r03c04	26	6	5
1	r03c04	27	6	1
1	r03c04	27	6	2
1	r03c04	27	6	3
1	r03c04	27	6	4
1	r03c04	27	6	5
1	r03c04	28	6	1
1	r03c04	28	6	2
1	r03c04	28	6	3
1	r03c04	28	6	4
1	r03c04	28	6	5
1	r03c04	29	6	1
1	r03c04	29	6	2
1	r03c04	29	6	3
1	r03c04	29	6	4
1	r03c04	29	6	5
1	r03c04	30	6	1
1	r03c04	30	6	2
1	r03c04	30	6	3
1	r03c04	30	6	4
1	r03c04	30	6	5
1	r03c04	31	6	1
1	r03c04	31	6	2
1	r03c04	31	6	3
1	r03c04	31	6	4
1	r03c04	31	6	5
1	r03c04	32	6	1
1	r03c04	32	6	2
1	r03c04	32	6	3
1	r03c04	32	6	4
1	r03c04	32	6	5
1	r03c04	33	6	1
1	r03c04	33	6	2
1	r03c04	33	6	3
1	r03c04	33	6	4
1	r03c04	33	6	5
1	r03c04	34	6	1
1	r03c04	34	6	2
1	r03c04	34	6	3
1	r03c04	34	6	4
1	r03c04	34	6	5
1	r03c04	35	6	1
1	r03c04	35	6	2
1	r03c04	35	6	3
1	r03c04	35	6	4
1	r03c04	35	6	5
1	r03c04	36	6	1
1	r03c04	36	6	2
1	r03c04	36	6	3
1	r03c04	36	6	4
1	r03c04	36	6	5
1	r03c04	37	6	1
1	r03c04	37	6	2
1	r03c04	37	6	3
1	r03c04	37	6	4
1	r03c04	37	6	5
1	r03c04	38	6	1
1	r03c04	38	6	2
1	r03c04	38	6	3
1	r03c04	38	6	4
1	r03c04	38	6	5
1	r03c04	39	6	1
1	r03c04	39	6	2
1	r03c04	39	6	3
1	r03c04	39	6	4
1	r03c04	39	6	5
1	r03c04	40	6	1
1	r03c04	40	6	2
1	r03c04	40	6	3
1	r03c04	40	6	4
1	r03c04	40	6	5
1	r03c04	41	6	1
1	r03c04	41	6	2
1	r03c04	41	6	3
1	r03c04	41	6	4
1	r03c04	41	6	5
1	r03c04	42	6	1
1	r03c04	42	6	2
1	r03c04	42	6	3
1	r03c04	42	6	4
1	r03c04	42	6	5
1	r03c04	43	6	1
1	r03c04	43	6	2
1	r03c04	43	6	3
1	r03c04	43	6	4
1	r03c04	43	6	5
1	r03c04	44	6	1
1	r03c04	44	6	2
1	r03c04	44	6	3
1	r03c04	44	6	4
1	r03c04	44	6	5
1	r03c04	45	6	1
1	r03c04	45	6	2
1	r03c04	45	6	3
1	r03c04	45	6	4
1	r03c04	45	6	5
1	r03c04	46	6	1
1	r03c04	46	6	2
1	r03c04	46	6	3
1	r03c04	46	6	4
1	r03c04	46	6	5
1	r03c04	47	6	1
1	r03c04	47	6	2
1	r03c04	47	6	3
1	r03c04	47	6	4
1	r03c04	47	6	5
1	r03c04	48	6	1
1	r03c04	48	6	2
1	r03c04	48	6	3
1	r03c04	48	6	4
1	r03c04	48	6	5
1	r03c04	49	6	1
1	r03c04	49	6	2
1	r03c04	49	6	3
1	r03c04	49	6	4
1	r03c04	49	6	5
1	r03c04	50	6	1
1	r03c04	50	6	2
1	r03c04	50	6	3
1	r03c04	50	6	4
1	r03c04	50	6	5
1	r03c04	51	6	1
1	r03c04	51	6	2
1	r03c04	51	6	3
1	r03c04	51	6	4
1	r03c04	51	6	5
1	r03c04	52	6	1
1	r03c04	52	6	2
1	r03c04	52	6	3
1	r03c04	52	6	4
1	r03c04	52	6	5
1	r03c04	53	6	1
1	r03c04	53	6	2
1	r03c04	53	6	3
1	r03c04	53	6	4
1	r03c04	53	6	5
1	r03c04	54	6	1
1	r03c04	54	6	2
1	r03c04	54	6	3
1	r03c04	54	6	4
1	r03c04	54	6	5
1	r03c04	55	6	1
1	r03c04	55	6	2
1	r03c04	55	6	3
1	r03c04	55	6	4
1	r03c04	55	6	5
1	r03c04	56	6	1
1	r03c04	56	6	2
1	r03c04	56	6	3
1	r03c04	56	6	4
1	r03c04	56	6	5
1	r03c04	57	6	1
1	r03c04	57	6	2
1	r03c04	57	6	3
1	r03c04	57	6	4
1	r03c04	57	6	5
1	r03c04	58	6	1
1	r03c04	58	6	2
1	r03c04	58	6	3
1	r03c04	58	6	4
1	r03c04	58	6	5
1	r03c04	59	6	1
1	r03c04	59	6	2
1	r03c04	59	6	3
1	r03c04	59	6	4
1	r03c04	59	6	5
1	r03c04	60	6	1
1	r03c04	60	6	2
1	r03c04	60	6	3
1	r03c04	60	6	4
1	r03c04	60	6	5
1	r03c04	61	6	1
1	r03c04	61	6	2
1	r03c04	61	6	3
1	r03c04	61	6	4
1	r03c04	61	6	5
1	r03c04	62	6	1
1	r03c04	62	6	2
1	r03c04	62	6	3
1	r03c04	62	6	4
1	r03c04	62	6	5
1	r03c04	63	6	1
1	r03c04	63	6	2
1	r03c04	63	6	3
1	r03c04	63	6	4
1	r03c04	63	6	5
1	r03c04	64	6	1
1	r03c04	64	6	2
1	r03c04	64	6	3
1	r03c04	64	6	4
1	r03c04	64	6	5
1	r03c04	1	7	1
1	r03c04	1	7	2
1	r03c04	1	7	3
1	r03c04	1	7	4
1	r03c04	1	7	5
1	r03c04	2	7	1
1	r03c04	2	7	2
1	r03c04	2	7	3
1	r03c04	2	7	4
1	r03c04	2	7	5
1	r03c04	3	7	1
1	r03c04	3	7	2
1	r03c04	3	7	3
1	r03c04	3	7	4
1	r03c04	3	7	5
1	r03c04	4	7	1
1	r03c04	4	7	2
1	r03c04	4	7	3
1	r03c04	4	7	4
1	r03c04	4	7	5
1	r03c04	6	7	1
1	r03c04	6	7	2
1	r03c04	6	7	3
1	r03c04	6	7	4
1	r03c04	6	7	5
1	r03c04	7	7	1
1	r03c04	7	7	2
1	r03c04	7	7	3
1	r03c04	7	7	4
1	r03c04	7	7	5
1	r03c04	8	7	1
1	r03c04	8	7	2
1	r03c04	8	7	3
1	r03c04	8	7	4
1	r03c04	8	7	5
1	r03c04	9	7	1
1	r03c04	9	7	2
1	r03c04	9	7	3
1	r03c04	9	7	4
1	r03c04	9	7	5
1	r03c04	10	7	1
1	r03c04	10	7	2
1	r03c04	10	7	3
1	r03c04	10	7	4
1	r03c04	10	7	5
1	r03c04	11	7	1
1	r03c04	11	7	2
1	r03c04	11	7	3
1	r03c04	11	7	4
1	r03c04	11	7	5
1	r03c04	12	7	1
1	r03c04	12	7	2
1	r03c04	12	7	3
1	r03c04	12	7	4
1	r03c04	12	7	5
1	r03c04	13	7	1
1	r03c04	13	7	2
1	r03c04	13	7	3
1	r03c04	13	7	4
1	r03c04	13	7	5
1	r03c04	14	7	1
1	r03c04	14	7	2
1	r03c04	14	7	3
1	r03c04	14	7	4
1	r03c04	14	7	5
1	r03c04	15	7	1
1	r03c04	15	7	2
1	r03c04	15	7	3
1	r03c04	15	7	4
1	r03c04	15	7	5
1	r03c04	16	7	1
1	r03c04	16	7	2
1	r03c04	16	7	3
1	r03c04	16	7	4
1	r03c04	16	7	5
1	r03c04	17	7	1
1	r03c04	17	7	2
1	r03c04	17	7	3
1	r03c04	17	7	4
1	r03c04	17	7	5
1	r03c04	18	7	1
1	r03c04	18	7	2
1	r03c04	18	7	3
1	r03c04	18	7	4
1	r03c04	18	7	5
1	r03c04	19	7	1
1	r03c04	19	7	2
1	r03c04	19	7	3
1	r03c04	19	7	4
1	r03c04	19	7	5
1	r03c04	20	7	1
1	r03c04	20	7	2
1	r03c04	20	7	3
1	r03c04	20	7	4
1	r03c04	20	7	5
1	r03c04	21	7	1
1	r03c04	21	7	2
1	r03c04	21	7	3
1	r03c04	21	7	4
1	r03c04	21	7	5
1	r03c04	22	7	1
1	r03c04	22	7	2
1	r03c04	22	7	3
1	r03c04	22	7	4
1	r03c04	22	7	5
1	r03c04	23	7	1
1	r03c04	23	7	2
1	r03c04	23	7	3
1	r03c04	23	7	4
1	r03c04	23	7	5
1	r03c04	24	7	1
1	r03c04	24	7	2
1	r03c04	24	7	3
1	r03c04	24	7	4
1	r03c04	24	7	5
1	r03c04	25	7	1
1	r03c04	25	7	2
1	r03c04	25	7	3
1	r03c04	25	7	4
1	r03c04	25	7	5
1	r03c04	26	7	1
1	r03c04	26	7	2
1	r03c04	26	7	3
1	r03c04	26	7	4
1	r03c04	26	7	5
1	r03c04	27	7	1
1	r03c04	27	7	2
1	r03c04	27	7	3
1	r03c04	27	7	4
1	r03c04	27	7	5
1	r03c04	28	7	1
1	r03c04	28	7	2
1	r03c04	28	7	3
1	r03c04	28	7	4
1	r03c04	28	7	5
1	r03c04	29	7	1
1	r03c04	29	7	2
1	r03c04	29	7	3
1	r03c04	29	7	4
1	r03c04	29	7	5
1	r03c04	30	7	1
1	r03c04	30	7	2
1	r03c04	30	7	3
1	r03c04	30	7	4
1	r03c04	30	7	5
1	r03c04	31	7	1
1	r03c04	31	7	2
1	r03c04	31	7	3
1	r03c04	31	7	4
1	r03c04	31	7	5
1	r03c04	32	7	1
1	r03c04	32	7	2
1	r03c04	32	7	3
1	r03c04	32	7	4
1	r03c04	32	7	5
1	r03c04	33	7	1
1	r03c04	33	7	2
1	r03c04	33	7	3
1	r03c04	33	7	4
1	r03c04	33	7	5
1	r03c04	34	7	1
1	r03c04	34	7	2
1	r03c04	34	7	3
1	r03c04	34	7	4
1	r03c04	34	7	5
1	r03c04	35	7	1
1	r03c04	35	7	2
1	r03c04	35	7	3
1	r03c04	35	7	4
1	r03c04	35	7	5
1	r03c04	36	7	1
1	r03c04	36	7	2
1	r03c04	36	7	3
1	r03c04	36	7	4
1	r03c04	36	7	5
1	r03c04	37	7	1
1	r03c04	37	7	2
1	r03c04	37	7	3
1	r03c04	37	7	4
1	r03c04	37	7	5
1	r03c04	38	7	1
1	r03c04	38	7	2
1	r03c04	38	7	3
1	r03c04	38	7	4
1	r03c04	38	7	5
1	r03c04	39	7	1
1	r03c04	39	7	2
1	r03c04	39	7	3
1	r03c04	39	7	4
1	r03c04	39	7	5
1	r03c04	40	7	1
1	r03c04	40	7	2
1	r03c04	40	7	3
1	r03c04	40	7	4
1	r03c04	40	7	5
1	r03c04	41	7	1
1	r03c04	41	7	2
1	r03c04	41	7	3
1	r03c04	41	7	4
1	r03c04	41	7	5
1	r03c04	42	7	1
1	r03c04	42	7	2
1	r03c04	42	7	3
1	r03c04	42	7	4
1	r03c04	42	7	5
1	r03c04	43	7	1
1	r03c04	43	7	2
1	r03c04	43	7	3
1	r03c04	43	7	4
1	r03c04	43	7	5
1	r03c04	44	7	1
1	r03c04	44	7	2
1	r03c04	44	7	3
1	r03c04	44	7	4
1	r03c04	44	7	5
1	r03c04	45	7	1
1	r03c04	45	7	2
1	r03c04	45	7	3
1	r03c04	45	7	4
1	r03c04	45	7	5
1	r03c04	46	7	1
1	r03c04	46	7	2
1	r03c04	46	7	3
1	r03c04	46	7	4
1	r03c04	46	7	5
1	r03c04	47	7	1
1	r03c04	47	7	2
1	r03c04	47	7	3
1	r03c04	47	7	4
1	r03c04	47	7	5
1	r03c04	48	7	1
1	r03c04	48	7	2
1	r03c04	48	7	3
1	r03c04	48	7	4
1	r03c04	48	7	5
1	r03c04	49	7	1
1	r03c04	49	7	2
1	r03c04	49	7	3
1	r03c04	49	7	4
1	r03c04	49	7	5
1	r03c04	50	7	1
1	r03c04	50	7	2
1	r03c04	50	7	3
1	r03c04	50	7	4
1	r03c04	50	7	5
1	r03c04	51	7	1
1	r03c04	51	7	2
1	r03c04	51	7	3
1	r03c04	51	7	4
1	r03c04	51	7	5
1	r03c04	52	7	1
1	r03c04	52	7	2
1	r03c04	52	7	3
1	r03c04	52	7	4
1	r03c04	52	7	5
1	r03c04	53	7	1
1	r03c04	53	7	2
1	r03c04	53	7	3
1	r03c04	53	7	4
1	r03c04	53	7	5
1	r03c04	54	7	1
1	r03c04	54	7	2
1	r03c04	54	7	3
1	r03c04	54	7	4
1	r03c04	54	7	5
1	r03c04	55	7	1
1	r03c04	55	7	2
1	r03c04	55	7	3
1	r03c04	55	7	4
1	r03c04	55	7	5
1	r03c04	56	7	1
1	r03c04	56	7	2
1	r03c04	56	7	3
1	r03c04	56	7	4
1	r03c04	56	7	5
1	r03c04	57	7	1
1	r03c04	57	7	2
1	r03c04	57	7	3
1	r03c04	57	7	4
1	r03c04	57	7	5
1	r03c04	58	7	1
1	r03c04	58	7	2
1	r03c04	58	7	3
1	r03c04	58	7	4
1	r03c04	58	7	5
1	r03c04	59	7	1
1	r03c04	59	7	2
1	r03c04	59	7	3
1	r03c04	59	7	4
1	r03c04	59	7	5
1	r03c04	60	7	1
1	r03c04	60	7	2
1	r03c04	60	7	3
1	r03c04	60	7	4
1	r03c04	60	7	5
1	r03c04	61	7	1
1	r03c04	61	7	2
1	r03c04	61	7	3
1	r03c04	61	7	4
1	r03c04	61	7	5
1	r03c04	62	7	1
1	r03c04	62	7	2
1	r03c04	62	7	3
1	r03c04	62	7	4
1	r03c04	62	7	5
1	r03c04	63	7	1
1	r03c04	63	7	2
1	r03c04	63	7	3
1	r03c04	63	7	4
1	r03c04	63	7	5
1	r03c04	64	7	1
1	r03c04	64	7	2
1	r03c04	64	7	3
1	r03c04	64	7	4
1	r03c04	64	7	5
1	r03c04	1	8	1
1	r03c04	1	8	2
1	r03c04	1	8	3
1	r03c04	1	8	4
1	r03c04	1	8	5
1	r03c04	2	8	1
1	r03c04	2	8	2
1	r03c04	2	8	3
1	r03c04	2	8	4
1	r03c04	2	8	5
1	r03c04	3	8	1
1	r03c04	3	8	2
1	r03c04	3	8	3
1	r03c04	3	8	4
1	r03c04	3	8	5
1	r03c04	4	8	1
1	r03c04	4	8	2
1	r03c04	4	8	3
1	r03c04	4	8	4
1	r03c04	4	8	5
1	r03c04	6	8	1
1	r03c04	6	8	2
1	r03c04	6	8	3
1	r03c04	6	8	4
1	r03c04	6	8	5
1	r03c04	7	8	1
1	r03c04	7	8	2
1	r03c04	7	8	3
1	r03c04	7	8	4
1	r03c04	7	8	5
1	r03c04	8	8	1
1	r03c04	8	8	2
1	r03c04	8	8	3
1	r03c04	8	8	4
1	r03c04	8	8	5
1	r03c04	9	8	1
1	r03c04	9	8	2
1	r03c04	9	8	3
1	r03c04	9	8	4
1	r03c04	9	8	5
1	r03c04	10	8	1
1	r03c04	10	8	2
1	r03c04	10	8	3
1	r03c04	10	8	4
1	r03c04	10	8	5
1	r03c04	11	8	1
1	r03c04	11	8	2
1	r03c04	11	8	3
1	r03c04	11	8	4
1	r03c04	11	8	5
1	r03c04	12	8	1
1	r03c04	12	8	2
1	r03c04	12	8	3
1	r03c04	12	8	4
1	r03c04	12	8	5
1	r03c04	13	8	1
1	r03c04	13	8	2
1	r03c04	13	8	3
1	r03c04	13	8	4
1	r03c04	13	8	5
1	r03c04	14	8	1
1	r03c04	14	8	2
1	r03c04	14	8	3
1	r03c04	14	8	4
1	r03c04	14	8	5
1	r03c04	15	8	1
1	r03c04	15	8	2
1	r03c04	15	8	3
1	r03c04	15	8	4
1	r03c04	15	8	5
1	r03c04	16	8	1
1	r03c04	16	8	2
1	r03c04	16	8	3
1	r03c04	16	8	4
1	r03c04	16	8	5
1	r03c04	17	8	1
1	r03c04	17	8	2
1	r03c04	17	8	3
1	r03c04	17	8	4
1	r03c04	17	8	5
1	r03c04	18	8	1
1	r03c04	18	8	2
1	r03c04	18	8	3
1	r03c04	18	8	4
1	r03c04	18	8	5
1	r03c04	19	8	1
1	r03c04	19	8	2
1	r03c04	19	8	3
1	r03c04	19	8	4
1	r03c04	19	8	5
1	r03c04	20	8	1
1	r03c04	20	8	2
1	r03c04	20	8	3
1	r03c04	20	8	4
1	r03c04	20	8	5
1	r03c04	21	8	1
1	r03c04	21	8	2
1	r03c04	21	8	3
1	r03c04	21	8	4
1	r03c04	21	8	5
1	r03c04	22	8	1
1	r03c04	22	8	2
1	r03c04	22	8	3
1	r03c04	22	8	4
1	r03c04	22	8	5
1	r03c04	23	8	1
1	r03c04	23	8	2
1	r03c04	23	8	3
1	r03c04	23	8	4
1	r03c04	23	8	5
1	r03c04	24	8	1
1	r03c04	24	8	2
1	r03c04	24	8	3
1	r03c04	24	8	4
1	r03c04	24	8	5
1	r03c04	25	8	1
1	r03c04	25	8	2
1	r03c04	25	8	3
1	r03c04	25	8	4
1	r03c04	25	8	5
1	r03c04	26	8	1
1	r03c04	26	8	2
1	r03c04	26	8	3
1	r03c04	26	8	4
1	r03c04	26	8	5
1	r03c04	27	8	1
1	r03c04	27	8	2
1	r03c04	27	8	3
1	r03c04	27	8	4
1	r03c04	27	8	5
1	r03c04	28	8	1
1	r03c04	28	8	2
1	r03c04	28	8	3
1	r03c04	28	8	4
1	r03c04	28	8	5
1	r03c04	29	8	1
1	r03c04	29	8	2
1	r03c04	29	8	3
1	r03c04	29	8	4
1	r03c04	29	8	5
1	r03c04	30	8	1
1	r03c04	30	8	2
1	r03c04	30	8	3
1	r03c04	30	8	4
1	r03c04	30	8	5
1	r03c04	31	8	1
1	r03c04	31	8	2
1	r03c04	31	8	3
1	r03c04	31	8	4
1	r03c04	31	8	5
1	r03c04	32	8	1
1	r03c04	32	8	2
1	r03c04	32	8	3
1	r03c04	32	8	4
1	r03c04	32	8	5
1	r03c04	33	8	1
1	r03c04	33	8	2
1	r03c04	33	8	3
1	r03c04	33	8	4
1	r03c04	33	8	5
1	r03c04	34	8	1
1	r03c04	34	8	2
1	r03c04	34	8	3
1	r03c04	34	8	4
1	r03c04	34	8	5
1	r03c04	35	8	1
1	r03c04	35	8	2
1	r03c04	35	8	3
1	r03c04	35	8	4
1	r03c04	35	8	5
1	r03c04	36	8	1
1	r03c04	36	8	2
1	r03c04	36	8	3
1	r03c04	36	8	4
1	r03c04	36	8	5
1	r03c04	37	8	1
1	r03c04	37	8	2
1	r03c04	37	8	3
1	r03c04	37	8	4
1	r03c04	37	8	5
1	r03c04	38	8	1
1	r03c04	38	8	2
1	r03c04	38	8	3
1	r03c04	38	8	4
1	r03c04	38	8	5
1	r03c04	39	8	1
1	r03c04	39	8	2
1	r03c04	39	8	3
1	r03c04	39	8	4
1	r03c04	39	8	5
1	r03c04	40	8	1
1	r03c04	40	8	2
1	r03c04	40	8	3
1	r03c04	40	8	4
1	r03c04	40	8	5
1	r03c04	41	8	1
1	r03c04	41	8	2
1	r03c04	41	8	3
1	r03c04	41	8	4
1	r03c04	41	8	5
1	r03c04	42	8	1
1	r03c04	42	8	2
1	r03c04	42	8	3
1	r03c04	42	8	4
1	r03c04	42	8	5
1	r03c04	43	8	1
1	r03c04	43	8	2
1	r03c04	43	8	3
1	r03c04	43	8	4
1	r03c04	43	8	5
1	r03c04	44	8	1
1	r03c04	44	8	2
1	r03c04	44	8	3
1	r03c04	44	8	4
1	r03c04	44	8	5
1	r03c04	45	8	1
1	r03c04	45	8	2
1	r03c04	45	8	3
1	r03c04	45	8	4
1	r03c04	45	8	5
1	r03c04	46	8	1
1	r03c04	46	8	2
1	r03c04	46	8	3
1	r03c04	46	8	4
1	r03c04	46	8	5
1	r03c04	47	8	1
1	r03c04	47	8	2
1	r03c04	47	8	3
1	r03c04	47	8	4
1	r03c04	47	8	5
1	r03c04	48	8	1
1	r03c04	48	8	2
1	r03c04	48	8	3
1	r03c04	48	8	4
1	r03c04	48	8	5
1	r03c04	49	8	1
1	r03c04	49	8	2
1	r03c04	49	8	3
1	r03c04	49	8	4
1	r03c04	49	8	5
1	r03c04	50	8	1
1	r03c04	50	8	2
1	r03c04	50	8	3
1	r03c04	50	8	4
1	r03c04	50	8	5
1	r03c04	51	8	1
1	r03c04	51	8	2
1	r03c04	51	8	3
1	r03c04	51	8	4
1	r03c04	51	8	5
1	r03c04	52	8	1
1	r03c04	52	8	2
1	r03c04	52	8	3
1	r03c04	52	8	4
1	r03c04	52	8	5
1	r03c04	53	8	1
1	r03c04	53	8	2
1	r03c04	53	8	3
1	r03c04	53	8	4
1	r03c04	53	8	5
1	r03c04	54	8	1
1	r03c04	54	8	2
1	r03c04	54	8	3
1	r03c04	54	8	4
1	r03c04	54	8	5
1	r03c04	55	8	1
1	r03c04	55	8	2
1	r03c04	55	8	3
1	r03c04	55	8	4
1	r03c04	55	8	5
1	r03c04	56	8	1
1	r03c04	56	8	2
1	r03c04	56	8	3
1	r03c04	56	8	4
1	r03c04	56	8	5
1	r03c04	57	8	1
1	r03c04	57	8	2
1	r03c04	57	8	3
1	r03c04	57	8	4
1	r03c04	57	8	5
1	r03c04	58	8	1
1	r03c04	58	8	2
1	r03c04	58	8	3
1	r03c04	58	8	4
1	r03c04	58	8	5
1	r03c04	59	8	1
1	r03c04	59	8	2
1	r03c04	59	8	3
1	r03c04	59	8	4
1	r03c04	59	8	5
1	r03c04	60	8	1
1	r03c04	60	8	2
1	r03c04	60	8	3
1	r03c04	60	8	4
1	r03c04	60	8	5
1	r03c04	61	8	1
1	r03c04	61	8	2
1	r03c04	61	8	3
1	r03c04	61	8	4
1	r03c04	61	8	5
1	r03c04	62	8	1
1	r03c04	62	8	2
1	r03c04	62	8	3
1	r03c04	62	8	4
1	r03c04	62	8	5
1	r03c04	63	8	1
1	r03c04	63	8	2
1	r03c04	63	8	3
1	r03c04	63	8	4
1	r03c04	63	8	5
1	r03c04	64	8	1
1	r03c04	64	8	2
1	r03c04	64	8	3
1	r03c04	64	8	4
1	r03c04	64	8	5
1	r03c04	1	9	1
1	r03c04	1	9	2
1	r03c04	1	9	3
1	r03c04	1	9	4
1	r03c04	1	9	5
1	r03c04	2	9	1
1	r03c04	2	9	2
1	r03c04	2	9	3
1	r03c04	2	9	4
1	r03c04	2	9	5
1	r03c04	3	9	1
1	r03c04	3	9	2
1	r03c04	3	9	3
1	r03c04	3	9	4
1	r03c04	3	9	5
1	r03c04	4	9	1
1	r03c04	4	9	2
1	r03c04	4	9	3
1	r03c04	4	9	4
1	r03c04	4	9	5
1	r03c04	6	9	1
1	r03c04	6	9	2
1	r03c04	6	9	3
1	r03c04	6	9	4
1	r03c04	6	9	5
1	r03c04	7	9	1
1	r03c04	7	9	2
1	r03c04	7	9	3
1	r03c04	7	9	4
1	r03c04	7	9	5
1	r03c04	8	9	1
1	r03c04	8	9	2
1	r03c04	8	9	3
1	r03c04	8	9	4
1	r03c04	8	9	5
1	r03c04	9	9	1
1	r03c04	9	9	2
1	r03c04	9	9	3
1	r03c04	9	9	4
1	r03c04	9	9	5
1	r03c04	10	9	1
1	r03c04	10	9	2
1	r03c04	10	9	3
1	r03c04	10	9	4
1	r03c04	10	9	5
1	r03c04	11	9	1
1	r03c04	11	9	2
1	r03c04	11	9	3
1	r03c04	11	9	4
1	r03c04	11	9	5
1	r03c04	12	9	1
1	r03c04	12	9	2
1	r03c04	12	9	3
1	r03c04	12	9	4
1	r03c04	12	9	5
1	r03c04	13	9	1
1	r03c04	13	9	2
1	r03c04	13	9	3
1	r03c04	13	9	4
1	r03c04	13	9	5
1	r03c04	14	9	1
1	r03c04	14	9	2
1	r03c04	14	9	3
1	r03c04	14	9	4
1	r03c04	14	9	5
1	r03c04	15	9	1
1	r03c04	15	9	2
1	r03c04	15	9	3
1	r03c04	15	9	4
1	r03c04	15	9	5
1	r03c04	16	9	1
1	r03c04	16	9	2
1	r03c04	16	9	3
1	r03c04	16	9	4
1	r03c04	16	9	5
1	r03c04	17	9	1
1	r03c04	17	9	2
1	r03c04	17	9	3
1	r03c04	17	9	4
1	r03c04	17	9	5
1	r03c04	18	9	1
1	r03c04	18	9	2
1	r03c04	18	9	3
1	r03c04	18	9	4
1	r03c04	18	9	5
1	r03c04	19	9	1
1	r03c04	19	9	2
1	r03c04	19	9	3
1	r03c04	19	9	4
1	r03c04	19	9	5
1	r03c04	20	9	1
1	r03c04	20	9	2
1	r03c04	20	9	3
1	r03c04	20	9	4
1	r03c04	20	9	5
1	r03c04	21	9	1
1	r03c04	21	9	2
1	r03c04	21	9	3
1	r03c04	21	9	4
1	r03c04	21	9	5
1	r03c04	22	9	1
1	r03c04	22	9	2
1	r03c04	22	9	3
1	r03c04	22	9	4
1	r03c04	22	9	5
1	r03c04	23	9	1
1	r03c04	23	9	2
1	r03c04	23	9	3
1	r03c04	23	9	4
1	r03c04	23	9	5
1	r03c04	24	9	1
1	r03c04	24	9	2
1	r03c04	24	9	3
1	r03c04	24	9	4
1	r03c04	24	9	5
1	r03c04	25	9	1
1	r03c04	25	9	2
1	r03c04	25	9	3
1	r03c04	25	9	4
1	r03c04	25	9	5
1	r03c04	26	9	1
1	r03c04	26	9	2
1	r03c04	26	9	3
1	r03c04	26	9	4
1	r03c04	26	9	5
1	r03c04	27	9	1
1	r03c04	27	9	2
1	r03c04	27	9	3
1	r03c04	27	9	4
1	r03c04	27	9	5
1	r03c04	28	9	1
1	r03c04	28	9	2
1	r03c04	28	9	3
1	r03c04	28	9	4
1	r03c04	28	9	5
1	r03c04	29	9	1
1	r03c04	29	9	2
1	r03c04	29	9	3
1	r03c04	29	9	4
1	r03c04	29	9	5
1	r03c04	30	9	1
1	r03c04	30	9	2
1	r03c04	30	9	3
1	r03c04	30	9	4
1	r03c04	30	9	5
1	r03c04	31	9	1
1	r03c04	31	9	2
1	r03c04	31	9	3
1	r03c04	31	9	4
1	r03c04	31	9	5
1	r03c04	32	9	1
1	r03c04	32	9	2
1	r03c04	32	9	3
1	r03c04	32	9	4
1	r03c04	32	9	5
1	r03c04	33	9	1
1	r03c04	33	9	2
1	r03c04	33	9	3
1	r03c04	33	9	4
1	r03c04	33	9	5
1	r03c04	34	9	1
1	r03c04	34	9	2
1	r03c04	34	9	3
1	r03c04	34	9	4
1	r03c04	34	9	5
1	r03c04	35	9	1
1	r03c04	35	9	2
1	r03c04	35	9	3
1	r03c04	35	9	4
1	r03c04	35	9	5
1	r03c04	36	9	1
1	r03c04	36	9	2
1	r03c04	36	9	3
1	r03c04	36	9	4
1	r03c04	36	9	5
1	r03c04	37	9	1
1	r03c04	37	9	2
1	r03c04	37	9	3
1	r03c04	37	9	4
1	r03c04	37	9	5
1	r03c04	38	9	1
1	r03c04	38	9	2
1	r03c04	38	9	3
1	r03c04	38	9	4
1	r03c04	38	9	5
1	r03c04	39	9	1
1	r03c04	39	9	2
1	r03c04	39	9	3
1	r03c04	39	9	4
1	r03c04	39	9	5
1	r03c04	40	9	1
1	r03c04	40	9	2
1	r03c04	40	9	3
1	r03c04	40	9	4
1	r03c04	40	9	5
1	r03c04	41	9	1
1	r03c04	41	9	2
1	r03c04	41	9	3
1	r03c04	41	9	4
1	r03c04	41	9	5
1	r03c04	42	9	1
1	r03c04	42	9	2
1	r03c04	42	9	3
1	r03c04	42	9	4
1	r03c04	42	9	5
1	r03c04	43	9	1
1	r03c04	43	9	2
1	r03c04	43	9	3
1	r03c04	43	9	4
1	r03c04	43	9	5
1	r03c04	44	9	1
1	r03c04	44	9	2
1	r03c04	44	9	3
1	r03c04	44	9	4
1	r03c04	44	9	5
1	r03c04	45	9	1
1	r03c04	45	9	2
1	r03c04	45	9	3
1	r03c04	45	9	4
1	r03c04	45	9	5
1	r03c04	46	9	1
1	r03c04	46	9	2
1	r03c04	46	9	3
1	r03c04	46	9	4
1	r03c04	46	9	5
1	r03c04	47	9	1
1	r03c04	47	9	2
1	r03c04	47	9	3
1	r03c04	47	9	4
1	r03c04	47	9	5
1	r03c04	48	9	1
1	r03c04	48	9	2
1	r03c04	48	9	3
1	r03c04	48	9	4
1	r03c04	48	9	5
1	r03c04	49	9	1
1	r03c04	49	9	2
1	r03c04	49	9	3
1	r03c04	49	9	4
1	r03c04	49	9	5
1	r03c04	50	9	1
1	r03c04	50	9	2
1	r03c04	50	9	3
1	r03c04	50	9	4
1	r03c04	50	9	5
1	r03c04	51	9	1
1	r03c04	51	9	2
1	r03c04	51	9	3
1	r03c04	51	9	4
1	r03c04	51	9	5
1	r03c04	52	9	1
1	r03c04	52	9	2
1	r03c04	52	9	3
1	r03c04	52	9	4
1	r03c04	52	9	5
1	r03c04	53	9	1
1	r03c04	53	9	2
1	r03c04	53	9	3
1	r03c04	53	9	4
1	r03c04	53	9	5
1	r03c04	54	9	1
1	r03c04	54	9	2
1	r03c04	54	9	3
1	r03c04	54	9	4
1	r03c04	54	9	5
1	r03c04	55	9	1
1	r03c04	55	9	2
1	r03c04	55	9	3
1	r03c04	55	9	4
1	r03c04	55	9	5
1	r03c04	56	9	1
1	r03c04	56	9	2
1	r03c04	56	9	3
1	r03c04	56	9	4
1	r03c04	56	9	5
1	r03c04	57	9	1
1	r03c04	57	9	2
1	r03c04	57	9	3
1	r03c04	57	9	4
1	r03c04	57	9	5
1	r03c04	58	9	1
1	r03c04	58	9	2
1	r03c04	58	9	3
1	r03c04	58	9	4
1	r03c04	58	9	5
1	r03c04	59	9	1
1	r03c04	59	9	2
1	r03c04	59	9	3
1	r03c04	59	9	4
1	r03c04	59	9	5
1	r03c04	60	9	1
1	r03c04	60	9	2
1	r03c04	60	9	3
1	r03c04	60	9	4
1	r03c04	60	9	5
1	r03c04	61	9	1
1	r03c04	61	9	2
1	r03c04	61	9	3
1	r03c04	61	9	4
1	r03c04	61	9	5
1	r03c04	62	9	1
1	r03c04	62	9	2
1	r03c04	62	9	3
1	r03c04	62	9	4
1	r03c04	62	9	5
1	r03c04	63	9	1
1	r03c04	63	9	2
1	r03c04	63	9	3
1	r03c04	63	9	4
1	r03c04	63	9	5
1	r03c04	64	9	1
1	r03c04	64	9	2
1	r03c04	64	9	3
1	r03c04	64	9	4
1	r03c04	64	9	5
1	r03c04	1	10	1
1	r03c04	1	10	2
1	r03c04	1	10	3
1	r03c04	1	10	4
1	r03c04	1	10	5
1	r03c04	2	10	1
1	r03c04	2	10	2
1	r03c04	2	10	3
1	r03c04	2	10	4
1	r03c04	2	10	5
1	r03c04	3	10	1
1	r03c04	3	10	2
1	r03c04	3	10	3
1	r03c04	3	10	4
1	r03c04	3	10	5
1	r03c04	4	10	1
1	r03c04	4	10	2
1	r03c04	4	10	3
1	r03c04	4	10	4
1	r03c04	4	10	5
1	r03c04	6	10	1
1	r03c04	6	10	2
1	r03c04	6	10	3
1	r03c04	6	10	4
1	r03c04	6	10	5
1	r03c04	7	10	1
1	r03c04	7	10	2
1	r03c04	7	10	3
1	r03c04	7	10	4
1	r03c04	7	10	5
1	r03c04	8	10	1
1	r03c04	8	10	2
1	r03c04	8	10	3
1	r03c04	8	10	4
1	r03c04	8	10	5
1	r03c04	9	10	1
1	r03c04	9	10	2
1	r03c04	9	10	3
1	r03c04	9	10	4
1	r03c04	9	10	5
1	r03c04	10	10	1
1	r03c04	10	10	2
1	r03c04	10	10	3
1	r03c04	10	10	4
1	r03c04	10	10	5
1	r03c04	11	10	1
1	r03c04	11	10	2
1	r03c04	11	10	3
1	r03c04	11	10	4
1	r03c04	11	10	5
1	r03c04	12	10	1
1	r03c04	12	10	2
1	r03c04	12	10	3
1	r03c04	12	10	4
1	r03c04	12	10	5
1	r03c04	13	10	1
1	r03c04	13	10	2
1	r03c04	13	10	3
1	r03c04	13	10	4
1	r03c04	13	10	5
1	r03c04	14	10	1
1	r03c04	14	10	2
1	r03c04	14	10	3
1	r03c04	14	10	4
1	r03c04	14	10	5
1	r03c04	15	10	1
1	r03c04	15	10	2
1	r03c04	15	10	3
1	r03c04	15	10	4
1	r03c04	15	10	5
1	r03c04	16	10	1
1	r03c04	16	10	2
1	r03c04	16	10	3
1	r03c04	16	10	4
1	r03c04	16	10	5
1	r03c04	17	10	1
1	r03c04	17	10	2
1	r03c04	17	10	3
1	r03c04	17	10	4
1	r03c04	17	10	5
1	r03c04	18	10	1
1	r03c04	18	10	2
1	r03c04	18	10	3
1	r03c04	18	10	4
1	r03c04	18	10	5
1	r03c04	19	10	1
1	r03c04	19	10	2
1	r03c04	19	10	3
1	r03c04	19	10	4
1	r03c04	19	10	5
1	r03c04	20	10	1
1	r03c04	20	10	2
1	r03c04	20	10	3
1	r03c04	20	10	4
1	r03c04	20	10	5
1	r03c04	21	10	1
1	r03c04	21	10	2
1	r03c04	21	10	3
1	r03c04	21	10	4
1	r03c04	21	10	5
1	r03c04	22	10	1
1	r03c04	22	10	2
1	r03c04	22	10	3
1	r03c04	22	10	4
1	r03c04	22	10	5
1	r03c04	23	10	1
1	r03c04	23	10	2
1	r03c04	23	10	3
1	r03c04	23	10	4
1	r03c04	23	10	5
1	r03c04	24	10	1
1	r03c04	24	10	2
1	r03c04	24	10	3
1	r03c04	24	10	4
1	r03c04	24	10	5
1	r03c04	25	10	1
1	r03c04	25	10	2
1	r03c04	25	10	3
1	r03c04	25	10	4
1	r03c04	25	10	5
1	r03c04	26	10	1
1	r03c04	26	10	2
1	r03c04	26	10	3
1	r03c04	26	10	4
1	r03c04	26	10	5
1	r03c04	27	10	1
1	r03c04	27	10	2
1	r03c04	27	10	3
1	r03c04	27	10	4
1	r03c04	27	10	5
1	r03c04	28	10	1
1	r03c04	28	10	2
1	r03c04	28	10	3
1	r03c04	28	10	4
1	r03c04	28	10	5
1	r03c04	29	10	1
1	r03c04	29	10	2
1	r03c04	29	10	3
1	r03c04	29	10	4
1	r03c04	29	10	5
1	r03c04	30	10	1
1	r03c04	30	10	2
1	r03c04	30	10	3
1	r03c04	30	10	4
1	r03c04	30	10	5
1	r03c04	31	10	1
1	r03c04	31	10	2
1	r03c04	31	10	3
1	r03c04	31	10	4
1	r03c04	31	10	5
1	r03c04	32	10	1
1	r03c04	32	10	2
1	r03c04	32	10	3
1	r03c04	32	10	4
1	r03c04	32	10	5
1	r03c04	33	10	1
1	r03c04	33	10	2
1	r03c04	33	10	3
1	r03c04	33	10	4
1	r03c04	33	10	5
1	r03c04	34	10	1
1	r03c04	34	10	2
1	r03c04	34	10	3
1	r03c04	34	10	4
1	r03c04	34	10	5
1	r03c04	35	10	1
1	r03c04	35	10	2
1	r03c04	35	10	3
1	r03c04	35	10	4
1	r03c04	35	10	5
1	r03c04	36	10	1
1	r03c04	36	10	2
1	r03c04	36	10	3
1	r03c04	36	10	4
1	r03c04	36	10	5
1	r03c04	37	10	1
1	r03c04	37	10	2
1	r03c04	37	10	3
1	r03c04	37	10	4
1	r03c04	37	10	5
1	r03c04	38	10	1
1	r03c04	38	10	2
1	r03c04	38	10	3
1	r03c04	38	10	4
1	r03c04	38	10	5
1	r03c04	39	10	1
1	r03c04	39	10	2
1	r03c04	39	10	3
1	r03c04	39	10	4
1	r03c04	39	10	5
1	r03c04	40	10	1
1	r03c04	40	10	2
1	r03c04	40	10	3
1	r03c04	40	10	4
1	r03c04	40	10	5
1	r03c04	41	10	1
1	r03c04	41	10	2
1	r03c04	41	10	3
1	r03c04	41	10	4
1	r03c04	41	10	5
1	r03c04	42	10	1
1	r03c04	42	10	2
1	r03c04	42	10	3
1	r03c04	42	10	4
1	r03c04	42	10	5
1	r03c04	43	10	1
1	r03c04	43	10	2
1	r03c04	43	10	3
1	r03c04	43	10	4
1	r03c04	43	10	5
1	r03c04	44	10	1
1	r03c04	44	10	2
1	r03c04	44	10	3
1	r03c04	44	10	4
1	r03c04	44	10	5
1	r03c04	45	10	1
1	r03c04	45	10	2
1	r03c04	45	10	3
1	r03c04	45	10	4
1	r03c04	45	10	5
1	r03c04	46	10	1
1	r03c04	46	10	2
1	r03c04	46	10	3
1	r03c04	46	10	4
1	r03c04	46	10	5
1	r03c04	47	10	1
1	r03c04	47	10	2
1	r03c04	47	10	3
1	r03c04	47	10	4
1	r03c04	47	10	5
1	r03c04	48	10	1
1	r03c04	48	10	2
1	r03c04	48	10	3
1	r03c04	48	10	4
1	r03c04	48	10	5
1	r03c04	49	10	1
1	r03c04	49	10	2
1	r03c04	49	10	3
1	r03c04	49	10	4
1	r03c04	49	10	5
1	r03c04	50	10	1
1	r03c04	50	10	2
1	r03c04	50	10	3
1	r03c04	50	10	4
1	r03c04	50	10	5
1	r03c04	51	10	1
1	r03c04	51	10	2
1	r03c04	51	10	3
1	r03c04	51	10	4
1	r03c04	51	10	5
1	r03c04	52	10	1
1	r03c04	52	10	2
1	r03c04	52	10	3
1	r03c04	52	10	4
1	r03c04	52	10	5
1	r03c04	53	10	1
1	r03c04	53	10	2
1	r03c04	53	10	3
1	r03c04	53	10	4
1	r03c04	53	10	5
1	r03c04	54	10	1
1	r03c04	54	10	2
1	r03c04	54	10	3
1	r03c04	54	10	4
1	r03c04	54	10	5
1	r03c04	55	10	1
1	r03c04	55	10	2
1	r03c04	55	10	3
1	r03c04	55	10	4
1	r03c04	55	10	5
1	r03c04	56	10	1
1	r03c04	56	10	2
1	r03c04	56	10	3
1	r03c04	56	10	4
1	r03c04	56	10	5
1	r03c04	57	10	1
1	r03c04	57	10	2
1	r03c04	57	10	3
1	r03c04	57	10	4
1	r03c04	57	10	5
1	r03c04	58	10	1
1	r03c04	58	10	2
1	r03c04	58	10	3
1	r03c04	58	10	4
1	r03c04	58	10	5
1	r03c04	59	10	1
1	r03c04	59	10	2
1	r03c04	59	10	3
1	r03c04	59	10	4
1	r03c04	59	10	5
1	r03c04	60	10	1
1	r03c04	60	10	2
1	r03c04	60	10	3
1	r03c04	60	10	4
1	r03c04	60	10	5
1	r03c04	61	10	1
1	r03c04	61	10	2
1	r03c04	61	10	3
1	r03c04	61	10	4
1	r03c04	61	10	5
1	r03c04	62	10	1
1	r03c04	62	10	2
1	r03c04	62	10	3
1	r03c04	62	10	4
1	r03c04	62	10	5
1	r03c04	63	10	1
1	r03c04	63	10	2
1	r03c04	63	10	3
1	r03c04	63	10	4
1	r03c04	63	10	5
1	r03c04	64	10	1
1	r03c04	64	10	2
1	r03c04	64	10	3
1	r03c04	64	10	4
1	r03c04	64	10	5
1	r03c04	1	11	1
1	r03c04	1	11	2
1	r03c04	1	11	3
1	r03c04	1	11	4
1	r03c04	1	11	5
1	r03c04	2	11	1
1	r03c04	2	11	2
1	r03c04	2	11	3
1	r03c04	2	11	4
1	r03c04	2	11	5
1	r03c04	3	11	1
1	r03c04	3	11	2
1	r03c04	3	11	3
1	r03c04	3	11	4
1	r03c04	3	11	5
1	r03c04	4	11	1
1	r03c04	4	11	2
1	r03c04	4	11	3
1	r03c04	4	11	4
1	r03c04	4	11	5
1	r03c04	6	11	1
1	r03c04	6	11	2
1	r03c04	6	11	3
1	r03c04	6	11	4
1	r03c04	6	11	5
1	r03c04	7	11	1
1	r03c04	7	11	2
1	r03c04	7	11	3
1	r03c04	7	11	4
1	r03c04	7	11	5
1	r03c04	8	11	1
1	r03c04	8	11	2
1	r03c04	8	11	3
1	r03c04	8	11	4
1	r03c04	8	11	5
1	r03c04	9	11	1
1	r03c04	9	11	2
1	r03c04	9	11	3
1	r03c04	9	11	4
1	r03c04	9	11	5
1	r03c04	10	11	1
1	r03c04	10	11	2
1	r03c04	10	11	3
1	r03c04	10	11	4
1	r03c04	10	11	5
1	r03c04	11	11	1
1	r03c04	11	11	2
1	r03c04	11	11	3
1	r03c04	11	11	4
1	r03c04	11	11	5
1	r03c04	12	11	1
1	r03c04	12	11	2
1	r03c04	12	11	3
1	r03c04	12	11	4
1	r03c04	12	11	5
1	r03c04	13	11	1
1	r03c04	13	11	2
1	r03c04	13	11	3
1	r03c04	13	11	4
1	r03c04	13	11	5
1	r03c04	14	11	1
1	r03c04	14	11	2
1	r03c04	14	11	3
1	r03c04	14	11	4
1	r03c04	14	11	5
1	r03c04	15	11	1
1	r03c04	15	11	2
1	r03c04	15	11	3
1	r03c04	15	11	4
1	r03c04	15	11	5
1	r03c04	16	11	1
1	r03c04	16	11	2
1	r03c04	16	11	3
1	r03c04	16	11	4
1	r03c04	16	11	5
1	r03c04	17	11	1
1	r03c04	17	11	2
1	r03c04	17	11	3
1	r03c04	17	11	4
1	r03c04	17	11	5
1	r03c04	18	11	1
1	r03c04	18	11	2
1	r03c04	18	11	3
1	r03c04	18	11	4
1	r03c04	18	11	5
1	r03c04	19	11	1
1	r03c04	19	11	2
1	r03c04	19	11	3
1	r03c04	19	11	4
1	r03c04	19	11	5
1	r03c04	20	11	1
1	r03c04	20	11	2
1	r03c04	20	11	3
1	r03c04	20	11	4
1	r03c04	20	11	5
1	r03c04	21	11	1
1	r03c04	21	11	2
1	r03c04	21	11	3
1	r03c04	21	11	4
1	r03c04	21	11	5
1	r03c04	22	11	1
1	r03c04	22	11	2
1	r03c04	22	11	3
1	r03c04	22	11	4
1	r03c04	22	11	5
1	r03c04	23	11	1
1	r03c04	23	11	2
1	r03c04	23	11	3
1	r03c04	23	11	4
1	r03c04	23	11	5
1	r03c04	24	11	1
1	r03c04	24	11	2
1	r03c04	24	11	3
1	r03c04	24	11	4
1	r03c04	24	11	5
1	r03c04	25	11	1
1	r03c04	25	11	2
1	r03c04	25	11	3
1	r03c04	25	11	4
1	r03c04	25	11	5
1	r03c04	26	11	1
1	r03c04	26	11	2
1	r03c04	26	11	3
1	r03c04	26	11	4
1	r03c04	26	11	5
1	r03c04	27	11	1
1	r03c04	27	11	2
1	r03c04	27	11	3
1	r03c04	27	11	4
1	r03c04	27	11	5
1	r03c04	28	11	1
1	r03c04	28	11	2
1	r03c04	28	11	3
1	r03c04	28	11	4
1	r03c04	28	11	5
1	r03c04	29	11	1
1	r03c04	29	11	2
1	r03c04	29	11	3
1	r03c04	29	11	4
1	r03c04	29	11	5
1	r03c04	30	11	1
1	r03c04	30	11	2
1	r03c04	30	11	3
1	r03c04	30	11	4
1	r03c04	30	11	5
1	r03c04	31	11	1
1	r03c04	31	11	2
1	r03c04	31	11	3
1	r03c04	31	11	4
1	r03c04	31	11	5
1	r03c04	32	11	1
1	r03c04	32	11	2
1	r03c04	32	11	3
1	r03c04	32	11	4
1	r03c04	32	11	5
1	r03c04	33	11	1
1	r03c04	33	11	2
1	r03c04	33	11	3
1	r03c04	33	11	4
1	r03c04	33	11	5
1	r03c04	34	11	1
1	r03c04	34	11	2
1	r03c04	34	11	3
1	r03c04	34	11	4
1	r03c04	34	11	5
1	r03c04	35	11	1
1	r03c04	35	11	2
1	r03c04	35	11	3
1	r03c04	35	11	4
1	r03c04	35	11	5
1	r03c04	36	11	1
1	r03c04	36	11	2
1	r03c04	36	11	3
1	r03c04	36	11	4
1	r03c04	36	11	5
1	r03c04	37	11	1
1	r03c04	37	11	2
1	r03c04	37	11	3
1	r03c04	37	11	4
1	r03c04	37	11	5
1	r03c04	38	11	1
1	r03c04	38	11	2
1	r03c04	38	11	3
1	r03c04	38	11	4
1	r03c04	38	11	5
1	r03c04	39	11	1
1	r03c04	39	11	2
1	r03c04	39	11	3
1	r03c04	39	11	4
1	r03c04	39	11	5
1	r03c04	40	11	1
1	r03c04	40	11	2
1	r03c04	40	11	3
1	r03c04	40	11	4
1	r03c04	40	11	5
1	r03c04	41	11	1
1	r03c04	41	11	2
1	r03c04	41	11	3
1	r03c04	41	11	4
1	r03c04	41	11	5
1	r03c04	42	11	1
1	r03c04	42	11	2
1	r03c04	42	11	3
1	r03c04	42	11	4
1	r03c04	42	11	5
1	r03c04	43	11	1
1	r03c04	43	11	2
1	r03c04	43	11	3
1	r03c04	43	11	4
1	r03c04	43	11	5
1	r03c04	44	11	1
1	r03c04	44	11	2
1	r03c04	44	11	3
1	r03c04	44	11	4
1	r03c04	44	11	5
1	r03c04	45	11	1
1	r03c04	45	11	2
1	r03c04	45	11	3
1	r03c04	45	11	4
1	r03c04	45	11	5
1	r03c04	46	11	1
1	r03c04	46	11	2
1	r03c04	46	11	3
1	r03c04	46	11	4
1	r03c04	46	11	5
1	r03c04	47	11	1
1	r03c04	47	11	2
1	r03c04	47	11	3
1	r03c04	47	11	4
1	r03c04	47	11	5
1	r03c04	48	11	1
1	r03c04	48	11	2
1	r03c04	48	11	3
1	r03c04	48	11	4
1	r03c04	48	11	5
1	r03c04	49	11	1
1	r03c04	49	11	2
1	r03c04	49	11	3
1	r03c04	49	11	4
1	r03c04	49	11	5
1	r03c04	50	11	1
1	r03c04	50	11	2
1	r03c04	50	11	3
1	r03c04	50	11	4
1	r03c04	50	11	5
1	r03c04	51	11	1
1	r03c04	51	11	2
1	r03c04	51	11	3
1	r03c04	51	11	4
1	r03c04	51	11	5
1	r03c04	52	11	1
1	r03c04	52	11	2
1	r03c04	52	11	3
1	r03c04	52	11	4
1	r03c04	52	11	5
1	r03c04	53	11	1
1	r03c04	53	11	2
1	r03c04	53	11	3
1	r03c04	53	11	4
1	r03c04	53	11	5
1	r03c04	54	11	1
1	r03c04	54	11	2
1	r03c04	54	11	3
1	r03c04	54	11	4
1	r03c04	54	11	5
1	r03c04	55	11	1
1	r03c04	55	11	2
1	r03c04	55	11	3
1	r03c04	55	11	4
1	r03c04	55	11	5
1	r03c04	56	11	1
1	r03c04	56	11	2
1	r03c04	56	11	3
1	r03c04	56	11	4
1	r03c04	56	11	5
1	r03c04	57	11	1
1	r03c04	57	11	2
1	r03c04	57	11	3
1	r03c04	57	11	4
1	r03c04	57	11	5
1	r03c04	58	11	1
1	r03c04	58	11	2
1	r03c04	58	11	3
1	r03c04	58	11	4
1	r03c04	58	11	5
1	r03c04	59	11	1
1	r03c04	59	11	2
1	r03c04	59	11	3
1	r03c04	59	11	4
1	r03c04	59	11	5
1	r03c04	60	11	1
1	r03c04	60	11	2
1	r03c04	60	11	3
1	r03c04	60	11	4
1	r03c04	60	11	5
1	r03c04	61	11	1
1	r03c04	61	11	2
1	r03c04	61	11	3
1	r03c04	61	11	4
1	r03c04	61	11	5
1	r03c04	62	11	1
1	r03c04	62	11	2
1	r03c04	62	11	3
1	r03c04	62	11	4
1	r03c04	62	11	5
1	r03c04	63	11	1
1	r03c04	63	11	2
1	r03c04	63	11	3
1	r03c04	63	11	4
1	r03c04	63	11	5
1	r03c04	64	11	1
1	r03c04	64	11	2
1	r03c04	64	11	3
1	r03c04	64	11	4
1	r03c04	64	11	5
1	r03c04	1	12	1
1	r03c04	1	12	2
1	r03c04	1	12	3
1	r03c04	1	12	4
1	r03c04	1	12	5
1	r03c04	2	12	1
1	r03c04	2	12	2
1	r03c04	2	12	3
1	r03c04	2	12	4
1	r03c04	2	12	5
1	r03c04	3	12	1
1	r03c04	3	12	2
1	r03c04	3	12	3
1	r03c04	3	12	4
1	r03c04	3	12	5
1	r03c04	4	12	1
1	r03c04	4	12	2
1	r03c04	4	12	3
1	r03c04	4	12	4
1	r03c04	4	12	5
1	r03c04	6	12	1
1	r03c04	6	12	2
1	r03c04	6	12	3
1	r03c04	6	12	4
1	r03c04	6	12	5
1	r03c04	7	12	1
1	r03c04	7	12	2
1	r03c04	7	12	3
1	r03c04	7	12	4
1	r03c04	7	12	5
1	r03c04	8	12	1
1	r03c04	8	12	2
1	r03c04	8	12	3
1	r03c04	8	12	4
1	r03c04	8	12	5
1	r03c04	9	12	1
1	r03c04	9	12	2
1	r03c04	9	12	3
1	r03c04	9	12	4
1	r03c04	9	12	5
1	r03c04	10	12	1
1	r03c04	10	12	2
1	r03c04	10	12	3
1	r03c04	10	12	4
1	r03c04	10	12	5
1	r03c04	11	12	1
1	r03c04	11	12	2
1	r03c04	11	12	3
1	r03c04	11	12	4
1	r03c04	11	12	5
1	r03c04	12	12	1
1	r03c04	12	12	2
1	r03c04	12	12	3
1	r03c04	12	12	4
1	r03c04	12	12	5
1	r03c04	13	12	1
1	r03c04	13	12	2
1	r03c04	13	12	3
1	r03c04	13	12	4
1	r03c04	13	12	5
1	r03c04	14	12	1
1	r03c04	14	12	2
1	r03c04	14	12	3
1	r03c04	14	12	4
1	r03c04	14	12	5
1	r03c04	15	12	1
1	r03c04	15	12	2
1	r03c04	15	12	3
1	r03c04	15	12	4
1	r03c04	15	12	5
1	r03c04	16	12	1
1	r03c04	16	12	2
1	r03c04	16	12	3
1	r03c04	16	12	4
1	r03c04	16	12	5
1	r03c04	17	12	1
1	r03c04	17	12	2
1	r03c04	17	12	3
1	r03c04	17	12	4
1	r03c04	17	12	5
1	r03c04	18	12	1
1	r03c04	18	12	2
1	r03c04	18	12	3
1	r03c04	18	12	4
1	r03c04	18	12	5
1	r03c04	19	12	1
1	r03c04	19	12	2
1	r03c04	19	12	3
1	r03c04	19	12	4
1	r03c04	19	12	5
1	r03c04	20	12	1
1	r03c04	20	12	2
1	r03c04	20	12	3
1	r03c04	20	12	4
1	r03c04	20	12	5
1	r03c04	21	12	1
1	r03c04	21	12	2
1	r03c04	21	12	3
1	r03c04	21	12	4
1	r03c04	21	12	5
1	r03c04	22	12	1
1	r03c04	22	12	2
1	r03c04	22	12	3
1	r03c04	22	12	4
1	r03c04	22	12	5
1	r03c04	23	12	1
1	r03c04	23	12	2
1	r03c04	23	12	3
1	r03c04	23	12	4
1	r03c04	23	12	5
1	r03c04	24	12	1
1	r03c04	24	12	2
1	r03c04	24	12	3
1	r03c04	24	12	4
1	r03c04	24	12	5
1	r03c04	25	12	1
1	r03c04	25	12	2
1	r03c04	25	12	3
1	r03c04	25	12	4
1	r03c04	25	12	5
1	r03c04	26	12	1
1	r03c04	26	12	2
1	r03c04	26	12	3
1	r03c04	26	12	4
1	r03c04	26	12	5
1	r03c04	27	12	1
1	r03c04	27	12	2
1	r03c04	27	12	3
1	r03c04	27	12	4
1	r03c04	27	12	5
1	r03c04	28	12	1
1	r03c04	28	12	2
1	r03c04	28	12	3
1	r03c04	28	12	4
1	r03c04	28	12	5
1	r03c04	29	12	1
1	r03c04	29	12	2
1	r03c04	29	12	3
1	r03c04	29	12	4
1	r03c04	29	12	5
1	r03c04	30	12	1
1	r03c04	30	12	2
1	r03c04	30	12	3
1	r03c04	30	12	4
1	r03c04	30	12	5
1	r03c04	31	12	1
1	r03c04	31	12	2
1	r03c04	31	12	3
1	r03c04	31	12	4
1	r03c04	31	12	5
1	r03c04	32	12	1
1	r03c04	32	12	2
1	r03c04	32	12	3
1	r03c04	32	12	4
1	r03c04	32	12	5
1	r03c04	33	12	1
1	r03c04	33	12	2
1	r03c04	33	12	3
1	r03c04	33	12	4
1	r03c04	33	12	5
1	r03c04	34	12	1
1	r03c04	34	12	2
1	r03c04	34	12	3
1	r03c04	34	12	4
1	r03c04	34	12	5
1	r03c04	35	12	1
1	r03c04	35	12	2
1	r03c04	35	12	3
1	r03c04	35	12	4
1	r03c04	35	12	5
1	r03c04	36	12	1
1	r03c04	36	12	2
1	r03c04	36	12	3
1	r03c04	36	12	4
1	r03c04	36	12	5
1	r03c04	37	12	1
1	r03c04	37	12	2
1	r03c04	37	12	3
1	r03c04	37	12	4
1	r03c04	37	12	5
1	r03c04	38	12	1
1	r03c04	38	12	2
1	r03c04	38	12	3
1	r03c04	38	12	4
1	r03c04	38	12	5
1	r03c04	39	12	1
1	r03c04	39	12	2
1	r03c04	39	12	3
1	r03c04	39	12	4
1	r03c04	39	12	5
1	r03c04	40	12	1
1	r03c04	40	12	2
1	r03c04	40	12	3
1	r03c04	40	12	4
1	r03c04	40	12	5
1	r03c04	41	12	1
1	r03c04	41	12	2
1	r03c04	41	12	3
1	r03c04	41	12	4
1	r03c04	41	12	5
1	r03c04	42	12	1
1	r03c04	42	12	2
1	r03c04	42	12	3
1	r03c04	42	12	4
1	r03c04	42	12	5
1	r03c04	43	12	1
1	r03c04	43	12	2
1	r03c04	43	12	3
1	r03c04	43	12	4
1	r03c04	43	12	5
1	r03c04	44	12	1
1	r03c04	44	12	2
1	r03c04	44	12	3
1	r03c04	44	12	4
1	r03c04	44	12	5
1	r03c04	45	12	1
1	r03c04	45	12	2
1	r03c04	45	12	3
1	r03c04	45	12	4
1	r03c04	45	12	5
1	r03c04	46	12	1
1	r03c04	46	12	2
1	r03c04	46	12	3
1	r03c04	46	12	4
1	r03c04	46	12	5
1	r03c04	47	12	1
1	r03c04	47	12	2
1	r03c04	47	12	3
1	r03c04	47	12	4
1	r03c04	47	12	5
1	r03c04	48	12	1
1	r03c04	48	12	2
1	r03c04	48	12	3
1	r03c04	48	12	4
1	r03c04	48	12	5
1	r03c04	49	12	1
1	r03c04	49	12	2
1	r03c04	49	12	3
1	r03c04	49	12	4
1	r03c04	49	12	5
1	r03c04	50	12	1
1	r03c04	50	12	2
1	r03c04	50	12	3
1	r03c04	50	12	4
1	r03c04	50	12	5
1	r03c04	51	12	1
1	r03c04	51	12	2
1	r03c04	51	12	3
1	r03c04	51	12	4
1	r03c04	51	12	5
1	r03c04	52	12	1
1	r03c04	52	12	2
1	r03c04	52	12	3
1	r03c04	52	12	4
1	r03c04	52	12	5
1	r03c04	53	12	1
1	r03c04	53	12	2
1	r03c04	53	12	3
1	r03c04	53	12	4
1	r03c04	53	12	5
1	r03c04	54	12	1
1	r03c04	54	12	2
1	r03c04	54	12	3
1	r03c04	54	12	4
1	r03c04	54	12	5
1	r03c04	55	12	1
1	r03c04	55	12	2
1	r03c04	55	12	3
1	r03c04	55	12	4
1	r03c04	55	12	5
1	r03c04	56	12	1
1	r03c04	56	12	2
1	r03c04	56	12	3
1	r03c04	56	12	4
1	r03c04	56	12	5
1	r03c04	57	12	1
1	r03c04	57	12	2
1	r03c04	57	12	3
1	r03c04	57	12	4
1	r03c04	57	12	5
1	r03c04	58	12	1
1	r03c04	58	12	2
1	r03c04	58	12	3
1	r03c04	58	12	4
1	r03c04	58	12	5
1	r03c04	59	12	1
1	r03c04	59	12	2
1	r03c04	59	12	3
1	r03c04	59	12	4
1	r03c04	59	12	5
1	r03c04	60	12	1
1	r03c04	60	12	2
1	r03c04	60	12	3
1	r03c04	60	12	4
1	r03c04	60	12	5
1	r03c04	61	12	1
1	r03c04	61	12	2
1	r03c04	61	12	3
1	r03c04	61	12	4
1	r03c04	61	12	5
1	r03c04	62	12	1
1	r03c04	62	12	2
1	r03c04	62	12	3
1	r03c04	62	12	4
1	r03c04	62	12	5
1	r03c04	63	12	1
1	r03c04	63	12	2
1	r03c04	63	12	3
1	r03c04	63	12	4
1	r03c04	63	12	5
1	r03c04	64	12	1
1	r03c04	64	12	2
1	r03c04	64	12	3
1	r03c04	64	12	4
1	r03c04	64	12	5
1	r03c04	1	13	1
1	r03c04	1	13	2
1	r03c04	1	13	3
1	r03c04	1	13	4
1	r03c04	1	13	5
1	r03c04	2	13	1
1	r03c04	2	13	2
1	r03c04	2	13	3
1	r03c04	2	13	4
1	r03c04	2	13	5
1	r03c04	3	13	1
1	r03c04	3	13	2
1	r03c04	3	13	3
1	r03c04	3	13	4
1	r03c04	3	13	5
1	r03c04	4	13	1
1	r03c04	4	13	2
1	r03c04	4	13	3
1	r03c04	4	13	4
1	r03c04	4	13	5
1	r03c04	6	13	1
1	r03c04	6	13	2
1	r03c04	6	13	3
1	r03c04	6	13	4
1	r03c04	6	13	5
1	r03c04	7	13	1
1	r03c04	7	13	2
1	r03c04	7	13	3
1	r03c04	7	13	4
1	r03c04	7	13	5
1	r03c04	8	13	1
1	r03c04	8	13	2
1	r03c04	8	13	3
1	r03c04	8	13	4
1	r03c04	8	13	5
1	r03c04	9	13	1
1	r03c04	9	13	2
1	r03c04	9	13	3
1	r03c04	9	13	4
1	r03c04	9	13	5
1	r03c04	10	13	1
1	r03c04	10	13	2
1	r03c04	10	13	3
1	r03c04	10	13	4
1	r03c04	10	13	5
1	r03c04	11	13	1
1	r03c04	11	13	2
1	r03c04	11	13	3
1	r03c04	11	13	4
1	r03c04	11	13	5
1	r03c04	12	13	1
1	r03c04	12	13	2
1	r03c04	12	13	3
1	r03c04	12	13	4
1	r03c04	12	13	5
1	r03c04	13	13	1
1	r03c04	13	13	2
1	r03c04	13	13	3
1	r03c04	13	13	4
1	r03c04	13	13	5
1	r03c04	14	13	1
1	r03c04	14	13	2
1	r03c04	14	13	3
1	r03c04	14	13	4
1	r03c04	14	13	5
1	r03c04	15	13	1
1	r03c04	15	13	2
1	r03c04	15	13	3
1	r03c04	15	13	4
1	r03c04	15	13	5
1	r03c04	16	13	1
1	r03c04	16	13	2
1	r03c04	16	13	3
1	r03c04	16	13	4
1	r03c04	16	13	5
1	r03c04	17	13	1
1	r03c04	17	13	2
1	r03c04	17	13	3
1	r03c04	17	13	4
1	r03c04	17	13	5
1	r03c04	18	13	1
1	r03c04	18	13	2
1	r03c04	18	13	3
1	r03c04	18	13	4
1	r03c04	18	13	5
1	r03c04	19	13	1
1	r03c04	19	13	2
1	r03c04	19	13	3
1	r03c04	19	13	4
1	r03c04	19	13	5
1	r03c04	20	13	1
1	r03c04	20	13	2
1	r03c04	20	13	3
1	r03c04	20	13	4
1	r03c04	20	13	5
1	r03c04	21	13	1
1	r03c04	21	13	2
1	r03c04	21	13	3
1	r03c04	21	13	4
1	r03c04	21	13	5
1	r03c04	22	13	1
1	r03c04	22	13	2
1	r03c04	22	13	3
1	r03c04	22	13	4
1	r03c04	22	13	5
1	r03c04	23	13	1
1	r03c04	23	13	2
1	r03c04	23	13	3
1	r03c04	23	13	4
1	r03c04	23	13	5
1	r03c04	24	13	1
1	r03c04	24	13	2
1	r03c04	24	13	3
1	r03c04	24	13	4
1	r03c04	24	13	5
1	r03c04	25	13	1
1	r03c04	25	13	2
1	r03c04	25	13	3
1	r03c04	25	13	4
1	r03c04	25	13	5
1	r03c04	26	13	1
1	r03c04	26	13	2
1	r03c04	26	13	3
1	r03c04	26	13	4
1	r03c04	26	13	5
1	r03c04	27	13	1
1	r03c04	27	13	2
1	r03c04	27	13	3
1	r03c04	27	13	4
1	r03c04	27	13	5
1	r03c04	28	13	1
1	r03c04	28	13	2
1	r03c04	28	13	3
1	r03c04	28	13	4
1	r03c04	28	13	5
1	r03c04	29	13	1
1	r03c04	29	13	2
1	r03c04	29	13	3
1	r03c04	29	13	4
1	r03c04	29	13	5
1	r03c04	30	13	1
1	r03c04	30	13	2
1	r03c04	30	13	3
1	r03c04	30	13	4
1	r03c04	30	13	5
1	r03c04	31	13	1
1	r03c04	31	13	2
1	r03c04	31	13	3
1	r03c04	31	13	4
1	r03c04	31	13	5
1	r03c04	32	13	1
1	r03c04	32	13	2
1	r03c04	32	13	3
1	r03c04	32	13	4
1	r03c04	32	13	5
1	r03c04	33	13	1
1	r03c04	33	13	2
1	r03c04	33	13	3
1	r03c04	33	13	4
1	r03c04	33	13	5
1	r03c04	34	13	1
1	r03c04	34	13	2
1	r03c04	34	13	3
1	r03c04	34	13	4
1	r03c04	34	13	5
1	r03c04	35	13	1
1	r03c04	35	13	2
1	r03c04	35	13	3
1	r03c04	35	13	4
1	r03c04	35	13	5
1	r03c04	36	13	1
1	r03c04	36	13	2
1	r03c04	36	13	3
1	r03c04	36	13	4
1	r03c04	36	13	5
1	r03c04	37	13	1
1	r03c04	37	13	2
1	r03c04	37	13	3
1	r03c04	37	13	4
1	r03c04	37	13	5
1	r03c04	38	13	1
1	r03c04	38	13	2
1	r03c04	38	13	3
1	r03c04	38	13	4
1	r03c04	38	13	5
1	r03c04	39	13	1
1	r03c04	39	13	2
1	r03c04	39	13	3
1	r03c04	39	13	4
1	r03c04	39	13	5
1	r03c04	40	13	1
1	r03c04	40	13	2
1	r03c04	40	13	3
1	r03c04	40	13	4
1	r03c04	40	13	5
1	r03c04	41	13	1
1	r03c04	41	13	2
1	r03c04	41	13	3
1	r03c04	41	13	4
1	r03c04	41	13	5
1	r03c04	42	13	1
1	r03c04	42	13	2
1	r03c04	42	13	3
1	r03c04	42	13	4
1	r03c04	42	13	5
1	r03c04	43	13	1
1	r03c04	43	13	2
1	r03c04	43	13	3
1	r03c04	43	13	4
1	r03c04	43	13	5
1	r03c04	44	13	1
1	r03c04	44	13	2
1	r03c04	44	13	3
1	r03c04	44	13	4
1	r03c04	44	13	5
1	r03c04	45	13	1
1	r03c04	45	13	2
1	r03c04	45	13	3
1	r03c04	45	13	4
1	r03c04	45	13	5
1	r03c04	46	13	1
1	r03c04	46	13	2
1	r03c04	46	13	3
1	r03c04	46	13	4
1	r03c04	46	13	5
1	r03c04	47	13	1
1	r03c04	47	13	2
1	r03c04	47	13	3
1	r03c04	47	13	4
1	r03c04	47	13	5
1	r03c04	48	13	1
1	r03c04	48	13	2
1	r03c04	48	13	3
1	r03c04	48	13	4
1	r03c04	48	13	5
1	r03c04	49	13	1
1	r03c04	49	13	2
1	r03c04	49	13	3
1	r03c04	49	13	4
1	r03c04	49	13	5
1	r03c04	50	13	1
1	r03c04	50	13	2
1	r03c04	50	13	3
1	r03c04	50	13	4
1	r03c04	50	13	5
1	r03c04	51	13	1
1	r03c04	51	13	2
1	r03c04	51	13	3
1	r03c04	51	13	4
1	r03c04	51	13	5
1	r03c04	52	13	1
1	r03c04	52	13	2
1	r03c04	52	13	3
1	r03c04	52	13	4
1	r03c04	52	13	5
1	r03c04	53	13	1
1	r03c04	53	13	2
1	r03c04	53	13	3
1	r03c04	53	13	4
1	r03c04	53	13	5
1	r03c04	54	13	1
1	r03c04	54	13	2
1	r03c04	54	13	3
1	r03c04	54	13	4
1	r03c04	54	13	5
1	r03c04	55	13	1
1	r03c04	55	13	2
1	r03c04	55	13	3
1	r03c04	55	13	4
1	r03c04	55	13	5
1	r03c04	56	13	1
1	r03c04	56	13	2
1	r03c04	56	13	3
1	r03c04	56	13	4
1	r03c04	56	13	5
1	r03c04	57	13	1
1	r03c04	57	13	2
1	r03c04	57	13	3
1	r03c04	57	13	4
1	r03c04	57	13	5
1	r03c04	58	13	1
1	r03c04	58	13	2
1	r03c04	58	13	3
1	r03c04	58	13	4
1	r03c04	58	13	5
1	r03c04	59	13	1
1	r03c04	59	13	2
1	r03c04	59	13	3
1	r03c04	59	13	4
1	r03c04	59	13	5
1	r03c04	60	13	1
1	r03c04	60	13	2
1	r03c04	60	13	3
1	r03c04	60	13	4
1	r03c04	60	13	5
1	r03c04	61	13	1
1	r03c04	61	13	2
1	r03c04	61	13	3
1	r03c04	61	13	4
1	r03c04	61	13	5
1	r03c04	62	13	1
1	r03c04	62	13	2
1	r03c04	62	13	3
1	r03c04	62	13	4
1	r03c04	62	13	5
1	r03c04	63	13	1
1	r03c04	63	13	2
1	r03c04	63	13	3
1	r03c04	63	13	4
1	r03c04	63	13	5
1	r03c04	64	13	1
1	r03c04	64	13	2
1	r03c04	64	13	3
1	r03c04	64	13	4
1	r03c04	64	13	5
